country,var,1960,1961,1962,1963,1964,1965,1966,1967,1968,1969,1970,1971,1972,1973,1974,1975,1976,1977,1978,1979,1980,1981,1982,1983,1984,1985,1986,1987,1988,1989,1990,1991,1992,1993,1994,1995,1996,1997,1998,1999,2000,2001,2002,2003,2004,2005,2006,2007,2008,2009,2010,2011,2012,2013,2014,2015,2016
Australia,physicians,,1.1,,,1.2,1.2,1.2,1.3,1.2,1.3,1.3,1.3,1.4,1.4,1.4,1.5,1.6,1.7,1.9,1.8,1.9,1.9,1.9,2,1.8,1.9,2,2.1,2.1,2.1,2.2,2.3,2.4,2.4,2.4,2.5,2.4,2.4,2.4,2.5,2.5,2.6,2.6,2.6,2.7,2.8,2.8,3,3,3.1,,3.3,3.3,3.4,3.5,3.5,
Austria,physicians,1.6,1.6,1.6,1.6,1.6,1.6,1.6,1.6,1.6,1.6,1.7,1.7,,1.8,1.8,1.9,2,2,2.1,2.1,2.2,2.3,2.3,2.4,2.5,2.6,2.7,2.7,2.8,2.9,3,3.1,3.2,3.3,3.4,3.5,3.6,3.7,3.8,3.8,3.9,4,4,4.1,4.2,4.3,4.5,4.5,4.6,4.7,4.8,4.8,4.9,5,5.1,5.1,5.2
Belgium,physicians,1.3,1.4,1.4,1.4,1.4,1.5,1.5,1.5,1.6,1.6,,1.5,1.6,1.7,1.8,1.9,1.9,2,2.2,2.2,2.3,2.4,2.5,2.8,2.8,2.8,2.9,3,3.1,3.2,3.3,3.3,3.4,3.4,3.5,3.5,3.6,3.7,3.7,2.8,2.8,2.9,2.9,2.9,2.9,2.9,2.9,2.9,2.9,2.9,2.9,2.9,2.9,3,3,3,
Canada,physicians,,1.1,1.2,1.2,1.3,1.3,1.3,1.3,1.3,1.4,1.4,1.5,1.6,1.6,1.6,1.7,1.7,1.8,1.8,1.8,1.8,1.8,1.9,1.9,2,2,2,2.1,2.1,2.1,2.1,2.1,2.1,2.2,2.1,2.1,2.1,2.1,2.1,2.1,2.1,2.1,2.1,2.1,2.1,2.2,2.2,2.2,2.3,2.3,2.4,2.5,2.5,2.6,2.6,2.7,2.7
Chile,physicians,,,,,,,,,,,,,,,,,,,,,,,,,,,,,,,,,,,,,,,,,,,,,,,,,,,1.4,1.6,1.7,1.9,2,2.1,2.3
Czech Republic,physicians,,,,,,,,,,,1.8,1.9,1.9,1.9,2,2,2.1,2.1,2.1,2.2,2.3,2.3,2.4,2.5,2.5,2.6,2.6,2.6,2.7,2.7,2.7,2.7,2.7,2.9,2.9,3,3,3.1,3,3.1,3.4,3.5,3.5,3.5,3.5,3.6,3.6,3.6,3.6,3.6,3.6,3.6,3.7,3.7,,,
Denmark,physicians,,,,,,,,,,,,,,,,,,,,,1.8,1.8,2.1,2.1,2.3,2.3,2.3,2.4,2.4,2.5,2.5,2.4,2.6,2.6,2.6,2.7,2.7,2.8,2.9,2.9,2.9,2.9,3,3.1,3.2,3.3,3.4,3.4,3.5,3.5,3.6,3.6,3.7,3.7,3.7,,
Estonia,physicians,2.1,2.2,2.3,2.4,2.4,2.5,2.6,2.6,2.7,2.7,2.8,2.9,3,3.1,3.1,3.2,3.3,3.4,3.5,3.5,3.6,3.7,3.8,3.9,4,3.3,3.4,3.5,3.5,3.5,3.5,3.5,3.3,3.2,3.2,3.2,3.2,3.2,3.1,3.2,3.1,3.1,3.1,3.1,3.2,3.2,3.2,3.3,3.3,3.3,3.2,3.3,3.3,3.3,3.3,3.4,
Finland,physicians,,,,,,,,,,,,,,,,,,,,,,,,,,,,,,,,,,,,2.2,2.3,2.3,2.3,2.4,2.5,2.5,2.5,2.6,2.6,2.6,2.7,2.7,2.7,2.8,3,3,3.1,3.2,3.2,,
France,physicians,,,,,,,,,,,,,,,,,,,,,,,,,,,,,,,3,3.1,3.1,3.1,3.2,3.2,3.2,3.2,3.2,3.2,3.3,3.3,3.3,3.3,3.3,3.3,3.3,3.3,3.3,3.3,3.3,3.3,3.3,3.3,3.3,3.3,3.4
Germany,physicians,,,,,,,,,,,,,,,,,,,,,,,,,,,,,,,,2.8,2.8,2.9,3,3.1,3.1,3.1,3.2,3.2,3.3,3.3,3.3,3.4,3.4,3.4,3.4,3.5,3.5,3.6,3.7,3.9,4,4,4.1,4.1,
Greece,physicians,1.3,1.2,1.3,1.3,1.4,1.4,1.4,1.5,1.5,1.6,1.6,1.7,1.7,1.9,2,2,2.1,2.2,2.3,2.3,2.4,2.5,2.7,2.8,2.9,2.9,3.1,3.3,3.2,3.3,3.4,3.6,3.7,3.8,3.9,3.9,3.9,4,4.2,4.3,4.4,4.4,4.6,4.8,4.9,5.1,5.4,5.6,6.1,6.2,6.2,6.3,6.3,6.3,6.3,6.3,
Hungary,physicians,1.5,1.6,1.7,1.7,1.8,1.9,1.9,2,1.9,2,2,2.1,2.1,2.2,2.2,2.2,2.3,2.3,2.4,2.5,2.3,2.3,2.4,2.4,2.5,2.6,2.7,2.8,2.8,2.9,2.9,3,3,3,3,3,3,3.1,3.1,3.1,2.7,2.9,3.2,3.3,3.3,2.8,3,2.8,3.1,3,2.9,3,3.1,3.2,3.3,3.1,
Iceland,physicians,1.2,1.2,1.2,1.2,1.2,1.2,1.2,1.2,1.3,1.3,1.4,1.5,1.6,1.6,1.7,1.8,1.9,1.9,2,2,2.1,2.2,2.3,2.3,2.4,2.6,2.6,2.7,2.7,2.8,2.9,2.9,3,3,3,3,3.1,3.3,3.3,3.4,3.4,3.5,3.6,3.6,3.6,3.6,3.6,3.6,3.6,3.7,3.6,3.5,3.6,3.6,3.6,3.8,
Ireland,physicians,,,,,,,,,,,,,,,,,,,,,,,,,,,,,,,,,,,,,,,,,,,,,,,,,,,,2.7,2.7,2.7,2.8,2.9,3
Israel,physicians,,,,,,,,,,,,,,,,,,,,,,,,,,,,,,,,,,,,,3.6,3.6,3.7,3.6,3.5,3.3,3.3,3.4,3.3,3.2,3.2,3.3,3.4,3.5,3.3,3.3,3.3,3.4,3.5,3.4,
Italy,physicians,,,,,,,,,,,,,,,,,,,,,,,,,,,,,,,,,,,,,,,,,,,,,,,,,,3.7,,,3.9,3.9,3.9,3.8,4
Japan,physicians,1,1,1,1,1,1,1,1,1.1,1.1,1.1,1.1,1.1,1.1,1.1,1.1,1.1,1.2,1.2,1.2,1.3,1.3,1.4,,1.4,,1.5,,1.6,,1.7,,1.7,,1.8,,1.8,,1.9,,1.9,,2,,2,,2.1,,2.2,,2.2,,2.3,,2.4,,
Korea,physicians,,,,,,,,,,,,,,,,,,,,,,0.5,0.6,0.5,0.6,0.6,0.7,0.7,0.7,0.8,0.8,0.9,1,1,1.1,1.1,1.2,1.2,1.3,1.3,1.3,1.4,1.5,1.6,1.6,1.6,1.7,1.7,1.9,1.9,2,2,2.1,2.2,2.2,2.2,2.3
Latvia,physicians,,,,,,,,,,,,,,,,,,,,,,,,,,,,,,,3.5,3.6,3.1,2.9,2.9,2.8,2.8,2.9,2.7,2.7,2.9,2.7,2.8,2.8,2.9,3,3,3.1,3.2,3.2,3.1,3.1,3.1,3.2,3.2,3.2,
Luxembourg,physicians,1,1,1,1,1,1,1,1,1.1,1.1,1.1,1.2,1.2,1.2,1.2,1.3,1.3,1.3,1.5,1.6,1.7,1.5,1.7,1.7,1.7,1.8,1.9,1.8,1.9,2,2,2,2.1,2.1,2.2,2.2,2.3,2.4,2.4,2.5,2.2,2.2,2.3,2.4,2.4,2.6,2.6,2.7,2.7,2.7,2.8,2.8,2.8,2.8,2.9,2.9,2.9
Mexico,physicians,,,,,,,,,,,,,,,,,,,,,,,,,,,,,,,0.9,1.1,1.3,1.4,1.5,1.6,1.6,1.7,1.7,1.7,1.6,1.5,1.5,1.6,1.6,1.8,1.9,1.9,1.9,2,2,2.1,2.1,2.2,2.2,2.4,
Netherlands,physicians,,,,,,,,,,,,,,,,,,,,,,,,,,,,,,,,,,,,,,,,,,,,,,,,,,,,,,,3.4,3.5,
New Zealand,physicians,,,,,,,,,,,,,,,,,,,,,,,,,,,,,,,,,,,,,,,,,2.2,2.2,2.1,2.2,2.2,2.1,2.3,2.3,2.5,2.6,2.6,2.7,2.7,2.8,2.8,3,
Norway,physicians,,,,,,,,,,,1.4,,,,,,,,,,2,,,,,2.2,2.3,2.5,,,,2.6,2.7,2.7,2.8,3,3.1,3.1,3.2,3.3,3.4,3.5,3.3,3.3,3.4,3.6,3.8,3.9,4,4.1,4.1,4.2,4.2,4.3,4.4,4.4,
Poland,physicians,1,1,1.1,1.2,1.2,1.2,1.3,1.3,1.4,1.4,1.4,1.5,1.5,1.6,1.6,1.6,1.6,1.7,1.7,1.7,1.8,1.8,1.9,1.9,1.9,2,2,2.1,2.1,2.1,2.1,2.2,2.2,2.2,2.3,2.3,2.4,2.4,2.3,2.3,2.2,2.3,2.3,2.4,2.3,2.1,2.2,2.2,2.2,2.2,2.2,2.2,2.2,2.2,2.3,2.3,
Portugal,physicians,0.8,0.8,0.8,0.8,0.8,0.8,0.8,0.8,0.9,0.9,0.9,0.9,1,1,1.1,1.2,1.2,1.4,1.6,1.8,1.9,2.1,2.2,2.2,2.4,2.4,2.5,2.6,2.6,2.7,2.7,2.8,2.8,2.8,2.8,2.8,2.9,2.9,3,3,3.1,3.1,3.2,3.2,3.3,3.4,3.4,3.5,3.6,3.7,3.9,4,4.1,4.3,4.4,4.6,
Slovak Republic,physicians,,,,,,,,,,,,,,,,,,,,,,,,,,,,,,,,,,,,,,,,3.3,3.4,3.4,3.3,3.3,3.3,3,3.2,3.4,3.4,3.3,3.4,3.3,3.4,3.4,3.4,3.5,
Slovenia,physicians,,,,,,,,,,,,,,,,,,,,,,,,,,,,,,,,,,,,,,,2.2,2.1,2.2,2.2,2.2,2.3,2.3,2.4,2.4,2.4,2.4,2.4,2.4,2.5,2.5,2.6,2.8,2.8,
Spain,physicians,,,,,,,,,,,,,,,,,,,,,1.8,,,,,2.1,,,,,2.1,,,,,,2.8,2.9,2.9,3.1,3.1,3.1,3.1,3.2,3.4,3.6,3.6,3.6,3.5,3.6,3.8,3.8,3.8,3.8,3.8,3.9,
Sweden,physicians,,,,,,,,,,,,,,,,,,,,,,,,,,,,,,,,,,,,2.9,2.9,2.9,3,3,3.1,3.2,3.3,3.4,3.5,3.5,3.6,3.7,3.8,3.8,3.9,4,4.1,4.1,4.2,,
Switzerland,physicians,,,,,,,,,,,,,,,,,,,,,,,,,,,,,,,,,,,,,,,,,,,,,,,,,3.8,3.8,3.8,3.8,3.9,4,4.1,4.2,4.3
Turkey,physicians,0.3,0.3,0.4,0.4,0.3,0.4,0.4,0.4,0.4,0.4,0.4,0.5,0.5,0.5,0.5,0.5,0.6,0.6,0.6,0.6,0.6,0.6,0.7,0.7,0.7,0.7,0.7,0.7,0.8,0.9,0.9,1,1,1,1.1,1.1,1.1,1.1,1.2,1.2,1.3,1.4,1.4,1.4,1.4,1.5,1.5,1.6,1.6,1.7,1.7,1.7,1.7,1.8,1.8,1.8,
United Kingdom,physicians,0.9,0.9,0.9,0.9,0.9,0.9,0.9,0.9,0.9,0.9,0.9,1,1.1,1.1,1.1,1.1,1.2,1.2,1.2,1.3,1.3,1.4,1.3,1.4,1.4,1.4,1.4,1.5,1.5,1.6,1.6,1.6,1.6,1.7,1.7,1.8,1.8,1.9,1.9,1.9,2,2,2.1,2.2,2.3,2.4,2.4,2.5,2.6,2.7,2.7,2.7,2.8,2.8,2.8,2.8,2.8
United States,physicians,,,,,,,,,,,,,,,,,,,,,,,,,,,,,,,,,,2.1,2.1,2.2,2.2,2.3,2.3,2.2,2.3,2.4,2.4,2.4,2.4,2.4,2.4,2.4,2.4,2.4,2.4,2.5,2.5,2.6,2.6,,
Brazil,physicians,,,,,,,,,,,,,,,,,,,,,,,,,,,,,,,1.1,1.1,1.2,1.2,1.2,1.3,1.3,1.3,1.3,1.4,1.4,1.4,1.4,1.5,1.6,1.7,1.7,1.7,1.8,1.8,1.8,,,,,,
China,physicians,,,,,,,,,,,,,,,,,,,0.6,,0.7,,,,,0.7,,,,,1.1,,,,,1.2,1.2,1.2,1.2,1.2,1.3,1.3,1.1,1.2,1.2,1.2,1.3,1.3,1.4,1.4,1.5,1.5,1.6,1.7,1.7,1.8,
Colombia,physicians,,,,,,,,,,,,,,,,,,,,,,,,,,,,,,,0.8,0.8,0.9,0.9,1,1,1.1,1.1,1.1,1.2,1.2,1.3,1.3,1.4,1.4,1.5,1.5,1.5,1.6,1.6,1.7,1.7,1.7,1.8,1.8,,
Costa Rica,physicians,,,,,,,,,,,,,,,,,,,,,,,,,,,,,,,,,,,,,,,,,,,,,,,,,,,,,,,,,
India,physicians,,,,,,,,,,,,,,,,,,,,,,,,,,,,,,,0.4,0.4,0.5,0.5,0.5,0.5,0.5,0.5,0.5,0.5,0.5,0.5,0.6,0.6,0.6,0.6,0.6,0.6,0.6,0.7,0.7,0.7,0.7,0.7,0.7,,
Indonesia,physicians,,,,,,,,,,,,,,,,,,,,,,,,,,,,,,,,,,,,,,,,,,,,,,,,,,,,,0.3,0.3,,,
Lithuania,physicians,,,,,,,,,,,,,,,,,,,,,,,,,,,,,,,,,3.6,3.6,3.7,3.7,3.7,3.8,3.7,3.7,3.6,3.6,3.7,3.7,3.6,3.7,3.8,3.9,3.9,3.9,4,4.1,4.2,4.3,4.3,4.3,
Russia,physicians,,,,,,,,,,,,,,,,,,,,,,,,,,3.9,3.9,4,4.1,4.1,4.5,4.3,4.3,4.3,4.3,4.4,4.5,4.6,4.6,4.6,4.6,4.6,4.7,4.8,4.8,4.8,4.9,5,5,5,5,4.3,4,4,4.2,4,
South Africa,physicians,,,,,,,,,,,,,,,,,,,,,,,,,,,,,,,,,,,,,,,,,,,,,,,,0.7,0.7,0.7,0.7,0.7,0.7,0.8,0.8,0.8,
Australia,nurses,,,,,,,,,,,,,,,,,,,,,10.3,9.9,9.9,9.9,9.9,9.6,10.9,11.4,11.6,11.7,11.6,12.1,11.6,11.1,11.5,10.8,10.8,10.4,10.3,10.2,10.1,10,9.9,9.9,10.2,9.8,,10.2,10.3,10.2,,10.2,10.2,11.4,11.4,11.5,11.7
Austria,nurses,,,,,,,,,,,,,,,,,,,,,,,,,,,,,,,,,,,,,,,7,7,7.2,7.2,7.1,7.2,7.1,7.2,7.3,7.4,7.5,7.6,7.7,7.8,7.8,7.9,8,8.1,
Belgium,nurses,,,,,,,,,,,,,,,,,,,,,,,,,,,,,,,,,,,,,,,,,,,,,8.8,9,9.1,9.2,9.3,9.4,9.6,9.8,10,10.3,10.6,10.8,11.2
Canada,nurses,,,,,,,,,,,,,,,,,,,,,,,,,,,,,,,,,,,,,,,,,,,,8.5,8.5,8.7,8.8,9,9.2,9.3,9.4,9.3,9.4,9.5,9.8,9.9,
Chile,nurses,,,,,,,,,,,,,,,,,,,,,,,,,,,,,,,,,,,,,,,,,,,,,,,,,,,0.9,1.1,1.4,1.6,2,2.1,2.3
Czech Republic,nurses,,,,,,,,,,,,,,,,,,,,,6,6.1,6.3,6.4,6.6,6.8,6.9,7,7.1,7.2,7.3,7.2,7.3,7.3,7.3,7.4,7.4,7.4,7.4,7.4,7.6,7.9,8,8,8.1,8.1,8.1,8,8,8.1,8.1,8,8.1,8,7.9,8,
Denmark,nurses,,,,,,,,,,,,,,,,,,,,,,,,,,,,,,,,,8.7,8.9,9.1,9.4,9.8,10.6,11.2,11.7,12.4,12.9,13.5,13.6,14,14.4,14.5,14.3,14.9,15.6,15.8,16,16.3,16.5,16.7,,
Estonia,nurses,,,,,,,,,,,,,,,,,,,,,7.4,7.6,8,8,8.1,8.2,8.3,8.4,8.3,8.2,8.1,6.5,6.5,6.5,6.4,6.4,6.3,6.2,6.1,6,5.8,5.8,6,6.1,6.2,6.3,6.3,6.4,6.4,6.2,6.1,6.2,6.2,5.6,5.7,6,
Finland,nurses,,,,,,,,,,,,,,,,,,,,,,,,,,,,,,,,,,,,,,,,,10.7,,,,12.1,12.6,13.2,13.4,13.1,13.6,13.9,14.1,14.2,14.4,14.7,,
France,nurses,,,,,,,,,,,,,,,,,,,,,,,,,,,,,,,,,,,,,,,6.2,6.5,6.7,6.8,7,7.2,7.4,7.6,7.8,7.6,7.9,8.2,8.5,8.7,9.1,9.4,9.7,9.9,10.2
Germany,nurses,,,,,,,,,,,,,,,,,,,,,,,,,,,,,,,,,,,,,,,,,10.5,10.6,10.7,11,11.1,11.2,11.4,11.5,11.7,12,12.1,12.5,12.6,13,13.2,13.3,
Greece,nurses,,,,,,,,,,,,,,,,,,,,,,,,,,,,,,,,,,,,,,,,2.6,2.8,3,3.3,3.3,3.3,3.3,3.3,3.2,3.3,3.4,3.5,3.5,3.3,3.3,3.2,3.2,
Hungary,nurses,,,,,,,,,,,,,,,,,,,,,,,,,,,,,,,5.2,4.9,5.1,5.4,5.4,5.4,5.4,5.3,5.5,5.4,5.3,5.5,5.7,5.8,5.8,6,6.2,6,6.2,6.2,6.2,6.2,6.3,6.4,6.4,6.5,
Iceland,nurses,,,,,,,,,,,,,,,,,,,,,8.9,9.3,10,10.7,11,11.1,11.4,11.8,11.9,12.1,12.5,12.5,12.5,12.8,12.9,13.1,13.1,13.1,13.5,13.4,13.3,13.1,13.3,13.6,13.7,14,13.7,14,14.9,15.3,14.5,14.8,15.2,15.5,15.3,15.5,14.3
Ireland,nurses,,,,,,,,,,,,,,,,,,,,,,,,,,,,,,,,,,,,,,,,,,,,,12.3,12.2,12.5,12.7,12.6,12.5,12.8,12.2,12.6,12.4,11.9,11.9,
Israel,nurses,,,,,,,,,,,,,,,,,,,,,,,,,,,,,,,,,,,,,5.3,5.3,5.3,5.4,5.4,5.5,5.4,5.3,5.2,5.2,5.2,5.1,4.9,4.7,4.7,4.8,4.8,4.9,4.9,4.9,
Italy,nurses,,,,,,,,,,,,,,,,,,,,,,,,,,,,,,,,,,,,,,,,,,,,,,,,,,,,,,5.1,5.3,5.4,5.4
Japan,nurses,,,,,,,,,,,,,,,,,,,,,,,,,,,,,,,,,,,,,,,,,,,8.4,,8.8,,9.1,,9.6,,10.1,,10.5,,11,,
Korea,nurses,,,,,,,,,,,,,,,,,,,,,,,,,,,,,,,,,,,,,,2.7,2.8,2.9,3,3.2,3.4,3.5,3.8,3.8,4,4.1,4.3,4.5,4.6,4.7,4.8,5.2,5.6,5.9,6.8
Latvia,nurses,,,,,,,,,,,,,,,,,,,,,,,,,,,,,,5.5,5.7,5.9,5.4,5.1,4.6,4.9,4.9,4.7,4.5,4.7,4.6,4.5,4.6,4.7,4.9,5,5.6,5.5,5.6,4.9,5,5,4.9,4.9,4.8,4.7,
Luxembourg,nurses,,,,,,,,,,,,,,,,,,,,,,,,,,,,,,,,,,,,7,7.2,7.3,7.3,7.3,7.4,7.5,7.8,8.9,9.1,11,10.9,,,11.1,11.1,11.3,11.9,11.9,12,11.9,
Mexico,nurses,,,,,,,,,,,,,,,,,,,,,,,,,,,,,,,1.7,1.8,1.9,2,2,2.1,2.1,2.1,2.1,2.1,2.2,2.2,2.2,2.1,2.1,2.2,2.2,2.3,2.3,2.4,2.4,2.5,2.6,2.6,2.7,2.8,
Netherlands,nurses,,,,,,,,,,,,,,,,,,,,,,,,,,,,,,,,,,,,,,,,,,,7.8,8,8.1,8.2,8.2,8.3,8.4,,,,,,10.3,10.5,
New Zealand,nurses,,,,,,,,,,,,,,,,,,,,,,,,,,,,,,,,,,,,,,,,,,,,,,9,8.8,9.2,9.8,9.7,10.1,10.1,10,10.1,10.1,10.3,10.3
Norway,nurses,,,,,,,,,,,,,,,,,,,,,,,,,,,,,,,,,,,,,,,,,,,12.1,12.8,13.2,13.6,13.9,13.9,14,15.9,16.1,16.4,16.5,16.7,16.9,17.3,
Poland,nurses,,,,,,,,,,,,,,,,,,,,,4.4,4.5,4.5,4.6,4.7,4.8,5,5.1,5.1,5.2,5.5,5.3,5.3,5.3,5.4,5.5,5.6,5.6,5.5,5.1,5,4.9,4.9,4.8,4.9,5.1,5.1,5.2,5.2,5.3,5.3,5.3,,5.3,5.2,5.2,
Portugal,nurses,,,,,,,,,,,,,,,,,,,,,,,,,,,,,,,,,,,,,,,,,,,,,4.2,4.4,4.7,5,5.2,5.4,5.7,5.9,6,6.1,6.1,6.3,6.5
Slovak Republic,nurses,,,,,,,,,,,,,,,,,,,,,,,,,,,,,,,,,,,,,,,7.4,7.2,7.4,7.3,6.9,6.5,6.3,6,6.1,6.3,6.3,6.1,6.1,5.9,5.8,5.8,5.8,5.7,
Slovenia,nurses,,,,,,,,,,,,,,,,,,,,,,,,,,,,,,,,,,,,,,,,,6.9,7.1,7.2,7.4,7.4,7.5,7.6,7.7,7.9,8,8.2,8.3,8.2,8.3,8.6,8.8,
Spain,nurses,,,,,,,,,,,,,,,,,,,,,2.1,,,,,2.2,,,,,2.7,,,,,,3.3,3.3,3.3,3.4,3.5,3.9,4.1,4.3,4.3,4.4,4.5,4.6,4.8,5,5.2,5.2,5.2,5.1,5.2,5.3,
Sweden,nurses,,,,,,,,,,,,,,,,,,,,,,,,,,,,,9.3,,,8.7,8.7,8.6,8.7,9.6,9.6,9.6,9.7,9.8,9.9,10.1,10.3,10.4,10.5,10.7,10.9,11,11,11,11.1,11.1,11.1,11.2,11.1,,
Switzerland,nurses,,,,,,,,,,,,,,,,,,,,,,,,,,,,,,,,,,,,,,,,,12.9,13.2,13.7,14.3,14.1,14.1,14.5,14.7,14.9,15.2,16,16.6,17,17.4,17.6,18,
Turkey,nurses,,,,,,,,,,,,,,,,,,,,,,,,,,,,,,,,,,0.9,0.9,1,1,1,1,1,1.1,1.1,1.1,1.1,1.1,1.1,1.2,1.4,1.4,1.5,1.6,1.7,1.8,1.8,1.9,2,
United Kingdom,nurses,,,,,,,,,,,,,,,,,,,,,,,,,,,,,,,,,,,,,,,,,9,9.3,9.6,10,10.1,10.2,9.9,9.6,9.6,9.8,9.5,8.4,8.2,8.2,8.2,7.9,7.9
United States,nurses,,,,,,,,,,,,,,,,,,,,,,,,,,,,,,,,,,,,,,,,10.4,10.2,10.2,10.2,10.1,10.3,10.4,10.5,10.6,10.8,10.8,10.9,11.1,11.1,11.1,11.2,11.3,
Brazil,nurses,,,,,,,,,,,,,,,,,,,,,,,,,,,,,,,0.2,0.3,0.3,0.3,0.3,0.3,0.3,0.4,0.4,0.4,0.4,0.5,0.5,0.5,0.5,0.6,0.6,0.9,0.9,,1.5,,,,,,
China,nurses,,,,,,,,,,,,,,,,,,,,,0.5,,,,,0.6,,,,,0.8,,,,,0.9,0.9,1,1,1,1,1,1,1,1,1,1.1,1.2,1.3,1.4,1.5,1.7,1.8,2,2.2,2.4,
Colombia,nurses,,,,,,,,,,,,,,,,,,,,,,,,,,,,,,,0.3,0.3,0.3,0.4,0.4,0.4,0.4,0.4,0.4,0.5,0.5,0.5,0.6,0.6,0.6,0.7,0.7,0.8,0.8,0.8,0.9,0.9,1,1,1.1,,
Costa Rica,nurses,,,,,,,,,,,,,,,,,,,,,,,,,,,,,,,,,,,,,,,,,,,,,,,,,,,,,,,,,
India,nurses,,,,,,,,,,,,,,,,,,,,,,,,,,,,,,,,,,,,,,,,0.7,0.7,0.8,,0.8,0.8,,0.8,0.8,0.8,0.9,0.9,1,1.1,1.2,1.4,,
Indonesia,nurses,,,,,,,,,,,,,,,,,,,,,,,,,,,,,,,,,,,,,,,,,,,,,,,,,,0.8,0.7,0.9,1,1.2,,,
Lithuania,nurses,,,,,,,,,,,,,,,,,,,,,,,,,,,,,,,,8.9,8.9,8.8,9,8.9,9,8.8,8.8,7.9,7.6,7.6,7.4,7.3,7.3,7.3,7.4,7.4,7.5,7.4,7.4,7.5,7.6,7.6,7.6,7.7,
Russia,nurses,,,,,,,,,,,,,,,,,,,,,,,,,,8.2,,,,,6.7,6.3,6.3,6.4,6.7,6.8,6.6,6.6,6.5,6.5,6.9,7,7.2,7.2,7.3,7.3,7.5,7.5,7.3,7.4,7.3,8.8,8.5,8.8,9,8.7,
South Africa,nurses,,,,,,,,,,,,,,,,,,,,,,,,,,,,,,,,,,,,,,,,,,0.9,0.9,0.9,0.9,0.9,0.9,0.9,1,1,1,1.1,1.1,1.2,1.2,1.2,
Australia,beds,,,,,,,,,,,,,,,,,,,,,7.8,7.7,7.4,7.2,6.9,6.2,,5.8,,5.4,,4.9,4.7,4.7,4.6,4.6,4.4,4.3,4.2,4.1,4,4,3.9,4,4,3.9,3.9,,3.8,3.8,3.8,3.8,3.8,3.7,3.8,,
Austria,beds,,,,,,,,,,,,,,,,,,,,,,,,,,9.9,9.9,9.8,9.7,9.5,9.3,9.1,8.8,8.7,8.6,8.5,8.4,8.3,8.2,8.1,8,7.9,7.8,7.7,7.7,7.7,7.7,7.8,7.7,7.7,7.7,7.7,7.7,7.7,7.6,7.6,
Belgium,beds,,,,,,,,,,,,,,,,,,,,,,,,,,9.3,9.1,9,8.4,8.3,7.7,7.7,7.8,7.7,7.6,7.4,8,7.9,7.9,7.8,7.8,7.7,7.6,7.5,7.5,7.4,6.7,6.6,6.6,6.5,6.4,6.4,6.3,6.3,6.2,6.2,6.1
Canada,beds,,,,,,,,,,,,,,,,,,,,,6.8,6.9,6.8,6.8,6.8,6.8,6.7,6.6,6.5,6.3,6,5.8,5.5,5.4,,4.7,4.6,4.6,4.4,3.9,3.8,3.7,3.6,3.5,3.4,3.1,3,3,2.9,2.8,2.8,2.8,2.8,2.7,2.7,2.6,2.6
Chile,beds,,,,,,,,,,,,,,,,,,,,,,,,,,,,,,,,,,,,,,,,2.8,2.7,2.6,2.6,2.5,2.4,2.3,2.3,2.3,2.3,2.3,2,2.2,2.2,2.2,2.1,2.1,
Czech Republic,beds,,,,,,,,,,,,,,,,,,,,,10.1,,,,,10.1,,,,,10,,,,,8.5,8.3,8,7.9,7.7,7.8,7.8,7.8,7.7,7.7,7.6,7.5,7.3,7.2,7.1,7,6.8,6.7,6.5,6.5,6.5,
Denmark,beds,,,,,,,,,,,,,,,,,,,,,,,,,,,,,,,,,,,,,,4.6,4.5,4.4,4.3,4.2,4.3,4.1,4,3.9,3.8,3.7,3.6,3.5,3.5,3.1,,3.1,2.7,2.5,2.6
Estonia,beds,,,,,,,,,,,,,,,,,,,,,12.2,12.4,12.4,12.3,12.2,12.2,12.2,12.1,12,11.9,11.6,11.3,9.7,9.6,8.6,8.4,7.9,7.7,7.6,7.5,7,6.6,6,5.7,5.6,5.4,5.6,5.5,5.6,5.4,5.3,5.4,5.5,5,5,5,
Finland,beds,,,,,,,,,,,,,,,,,,,,,,,,,,,,,,,,,,8.3,8.2,8.1,8.1,7.9,7.8,7.6,7.5,7.5,7.4,7.2,7.1,7.1,7,6.7,6.6,6.3,5.9,5.5,5.3,4.9,4.5,4.4,
France,beds,,,,,,,,,,,,,,,,,,,,,,,,,,,,,,,,,,,,,,8.5,8.3,8.2,8,7.8,7.7,7.6,7.4,7.2,7.1,7.1,6.9,6.7,6.4,6.4,6.3,6.3,6.2,6.1,
Germany,beds,,,,,,,,,,,,,,,,,,,,,,,,,,,,,,,,10.1,9.9,9.7,9.7,9.7,9.6,9.4,9.3,9.2,9.1,9,8.9,8.7,8.6,8.5,8.3,8.2,8.2,8.2,8.3,8.4,8.3,8.3,8.2,8.1,
Greece,beds,,,,,,,,,,,,,,,,,,,,,6.2,6.2,6,5.8,5.8,5.5,5.3,5.2,5.1,5.1,5,5,4.9,5,4.9,4.9,5,4.9,4.9,4.8,4.8,4.8,4.8,4.7,4.7,4.8,4.9,4.9,4.8,4.9,4.5,4.5,4.5,4.2,4.2,4.3,
Hungary,beds,,,,,,,,,,,,,,,,,,,,,,,,,,,,,,,,,,,,,,,,,8.2,7.9,7.9,7.9,7.9,7.9,8,7.2,7.1,7.1,7.2,7.2,7,7,7,7,
Iceland,beds,,,,,,,,,,,,,,,,,,,,,,,,,,,,,,,,,,,,,,,,,,,,,,,,4.1,3.9,3.7,3.6,3.3,3.3,3.2,3.2,3.1,3.2
Ireland,beds,,,,,,,,,,,,,,,,,,,,,9,9,8.8,8.6,8.4,8.2,7.9,9.1,8.4,8.2,8,8,7.6,7.2,7.1,7,6.8,6.6,6.4,6.2,6.1,5.9,5.8,5.7,5.6,5.5,5.3,5.1,4.9,2.8,2.7,2.6,2.6,2.6,2.6,2.6,
Israel,beds,,,,,,,,,,,,,,,,,,,,,,,,,,,,,5,4.9,4.8,4.6,4.5,4.4,4.3,4.2,4.1,4,4,3.9,3.8,3.8,3.8,3.9,3.8,3.7,3.4,3.4,3.3,3.2,3.2,3.1,3.1,3.1,3.1,3,3
Italy,beds,,,,,,,,,,,,,,,,,,,,,9.6,9.4,9.1,8.9,8.5,8.3,8,7.8,7.5,7.1,7.2,6.8,6.9,6.7,6.6,6.3,6.6,5.9,5.6,4.9,4.7,4.6,4.4,4.2,4,4,4,3.9,3.8,3.7,3.6,3.5,3.4,3.3,3.2,3.2,
Japan,beds,,,,,,,,,,,,,,,,,,,,,,,,,,,,,,,,,,15.6,15.5,15.4,15.2,15.1,15,14.8,14.7,14.6,14.4,14.3,14.2,14.1,14,13.9,13.7,13.6,13.5,13.4,13.4,13.3,13.2,13.2,
Korea,beds,,,,,,,,,,,,,,,,,,,,,,,,,,,,,,,2.3,2.5,2.6,2.9,3.2,3.3,3.5,3.7,3.9,4.3,4.7,4.5,4.8,5.1,5.4,5.9,6.5,7.2,7.7,8.2,8.7,9.5,10.3,10.9,11.6,11.5,
Latvia,beds,,,,,,,,,,,,,,,,,,,,,13.9,,,,,13.6,14.2,14.2,14.1,13.5,13.4,13.4,12.7,12.2,12.1,11.2,10.4,9.8,9.6,9,8.8,8.3,7.9,8,7.9,7.9,7.9,7.8,7.8,6.7,5.7,5.9,5.9,5.8,5.7,5.7,
Luxembourg,beds,,,,,,,,,,,,,,,,,,,,,,,,,,,,,,,,,,,,,,,,,,,,,6.4,5.8,5.7,5.7,5.6,5.5,5.4,5.3,5.2,5.1,4.9,4.8,4.8
Mexico,beds,,,,,,,,,,,,,,,,,,,,,,,,,,,,,,,1.5,1.6,1.8,1.8,1.8,1.8,1.8,1.8,1.7,1.8,1.8,1.7,1.7,1.7,1.7,1.7,1.6,1.6,1.6,1.6,1.6,1.6,1.6,1.6,1.6,1.5,
Netherlands,beds,,,,,,,,,,,,,,,,,,,,,,,,,,,,,,,5.8,5.7,5.7,5.6,5.4,5.3,5.2,5.2,5.1,5,4.8,4.7,4.6,4.5,4.5,4.5,4.8,4.7,4.7,4.7,,,4.3,4.2,,,
New Zealand,beds,,,,,,,,,,,,,,,,,,,,,,,,,,,,,,,,,,,,,,,,,,,,,,,,,,2.4,2.8,2.8,2.8,2.8,2.8,2.7,2.7
Norway,beds,,,,,,,,,,,,,,,,,,,,,7.3,,,,,6,5.9,5.8,5.4,5,4.7,4.4,4.2,4.1,4.1,4,4,4,3.9,3.9,3.8,3.8,5,5,5.3,5.2,5,4.9,4.6,4.5,4.3,4.2,4,3.9,3.8,3.8,
Poland,beds,,,,,,,,,,,,,,,,,,,,,,,,,,,,,,,,,,,,,,,,,,,,6.7,6.7,6.5,6.5,6.4,6.6,6.7,6.6,6.6,6.6,6.6,6.6,6.6,
Portugal,beds,,,,,,,,,,,,,,,,,,,,,,,,,,4,4,4,4,4.1,4.1,4,4,4,3.9,3.9,4,3.9,3.9,3.7,3.7,3.7,3.6,3.6,3.6,3.6,3.5,3.4,3.4,3.4,3.4,3.4,3.4,3.4,3.3,3.4,
Slovak Republic,beds,,,,,,,,,,,,,,,,,,,,,,,,,,,,,,,,,,,,,8.3,8.2,8,8,7.9,7.7,7.6,7.3,6.9,6.8,6.7,6.8,6.6,6.5,6.5,6.1,5.9,5.8,5.8,5.8,
Slovenia,beds,,,,,,,,,,,,,,,,,,,,,6.9,,,,,6.4,6.3,6.2,6.1,6.1,6.1,6,5.9,5.8,5.8,5.7,5.7,5.7,5.6,5.5,5.4,5.2,5.1,5,4.8,4.8,4.8,4.7,4.7,4.6,4.6,4.6,4.5,4.6,4.5,4.5,
Spain,beds,,,,,,,,,,,,,,,,,,,,,5.4,,,,,4.6,4.5,4.4,4.4,4.3,4.3,4.2,4.1,4,4,3.9,3.9,3.8,3.7,3.7,3.7,3.6,3.5,3.4,3.4,3.3,3.3,3.3,3.2,3.2,3.1,3.1,3,3,3,3,
Sweden,beds,,,,,,,,,,,,,,,,,,,,,15.2,15.5,15,15,14.9,14.6,14.2,13.7,13.3,12.9,12.4,11.9,6.7,6.1,5.2,4.8,4.3,3.9,3.8,3.7,3.6,3.3,3.1,3.1,3,2.9,2.9,2.9,2.8,2.8,2.7,2.7,2.6,2.6,2.5,2.4,
Switzerland,beds,,,,,,,,,,,,,,,,,,,,,,,,,,,,,,,,,,,,,,,6.6,6.6,6.3,6,6,5.8,5.7,5.5,5.4,5.4,5.2,5.1,5,4.9,4.8,4.7,4.6,4.6,
Turkey,beds,,,,,,,,,,,,,,,,,,,,,,,,,,,,,,,,,,,,,,,,,2.1,2.2,2.3,2.2,2.2,2.3,2.3,2.3,2.4,2.4,2.5,2.5,2.7,2.7,2.7,2.7,
United Kingdom,beds,,,,,,,,,,,,,,,,,,,,,,,,,,,,,,,,,,,,,,,,,4.1,4,4,4,3.9,3.7,3.5,3.4,3.3,3.3,2.9,2.9,2.8,2.8,2.7,2.6,
United States,beds,,,,,,,,,,,,,,,,,,,,,6,5.9,5.9,5.8,5.7,5.5,5.4,5.2,5.1,5,4.9,4.8,4.6,4.5,4.3,4.1,3.9,3.8,3.7,3.6,3.5,3.5,3.4,3.3,3.3,3.2,3.2,3.1,3.1,3.1,3.1,3,2.9,2.9,2.8,,
Brazil,beds,,,,,,,,,,,,,,,,,,,,,,,,,,,,,,,,,,3.3,3.3,3.2,3.1,3.1,3,2.9,2.8,2.8,2.6,2.4,,2.5,2.5,2.5,2.4,2.4,2.4,2.3,2.3,,,,
China,beds,,,,,,,,,,,,,,,,,,,,,1.2,,,,,1.4,,,,,1.6,1.6,1.7,1.7,1.7,1.7,1.7,1.7,1.7,1.7,1.7,1.7,1.7,1.8,1.8,1.9,2,2,2.2,2.3,2.5,2.8,3.1,3.4,3.6,3.9,
Colombia,beds,,,,,,,,,,,,,,,,,,,,,,,,,,,,,,,,,,,,,,,,,,,,,,,,,,,1.5,1.5,1.5,1.5,1.6,,
Costa Rica,beds,,,,,,,,,,,,,,,,,,,,,,,,,,,,,,,,,,,,,,,,,,,,,,,,,,,,,,,,,
India,beds,,,,,,,,,,,,,,,,,,,,,,,0.7,0.7,0.7,0.7,0.7,0.7,0.7,0.7,0.7,0.7,0.7,0.7,0.7,0.7,0.7,0.7,0.7,0.7,0.7,0.6,0.6,,,0.4,0.4,0.4,0.4,0.5,0.5,0.6,0.5,0.5,0.5,,
Indonesia,beds,,,,,,,,,,,,,,,,,,,,,,,,,,,,,,,,,,,,,,,,,,,,,,,,,,0.6,0.6,0.6,0.8,1,,,
Lithuania,beds,,,,,,,,,,,,,,,,,,,,,12.1,12.2,12.3,12.4,12.5,12.8,12.8,12.8,12.8,12.7,12.5,12.5,12.1,11.8,11.2,10.9,10.6,9.6,9.1,9,8.8,8.3,8.1,7.9,7.6,7.3,7.2,7.2,7.2,7.2,7.2,7.4,7.4,7.3,7.2,7,
Russia,beds,,,,,,,,,,,,,,,,,,,,,,,,,,13,13.1,13.2,13.2,13.2,13.1,12.7,12.2,12.1,11.8,11.8,11.5,11.2,11.6,11.4,11.4,11.3,11.2,11,11.1,11,10.9,10.7,9.9,9.7,9.4,9.4,9.3,9.1,8.8,8.5,
South Africa,beds,,,,,,,,,,,,,,,,,,,,,,,,,,,,,,,,,,,,,,,3,2.9,,,3.1,,2.9,,,2.4,2.4,,2.3,,,,,,
Australia,LEF,73.9,74.4,74.2,74.2,73.9,74.2,74,74.5,74.2,74.6,74.2,74.9,75.4,75.5,75.4,76.2,76.3,76.8,77.2,77.8,78.1,78.4,78.2,78.8,79,78.8,79.2,79.5,79.5,79.6,80.1,80.4,80.4,80.9,80.9,80.8,81.1,81.3,81.5,81.8,82,82.4,82.6,82.8,83,83.3,83.5,83.7,83.7,83.9,84,84.2,84.3,84.3,84.4,84.5,
Austria,LEF,71.9,72.8,72.5,72.7,73.2,73,73.4,73.4,73.5,73.3,73.5,73.7,74.1,74.6,74.7,74.7,75.1,75.5,75.7,76,76.1,76.5,76.7,76.7,77.3,77.4,77.8,78.2,78.7,78.8,79,79.1,79.3,79.5,79.8,80.1,80.2,80.7,81,81,81.2,81.7,81.7,81.5,82.1,82.2,82.8,83.1,83.3,83.2,83.5,83.8,83.6,83.8,84,83.7,
Belgium,LEF,72.8,73.6,73.2,73.1,73.9,73.8,73.8,74.2,73.9,74.1,74.2,74.4,74.8,75,75.3,75.3,75.5,76.2,76.1,76.6,76.7,77.1,77.3,77.3,78,78.1,78.2,78.9,79.1,79.1,79.5,79.7,79.9,79.9,80.2,80.4,80.7,80.7,80.7,81,81,81.2,81.2,81.1,81.9,81.9,82.3,82.6,82.6,82.8,83,83.3,83.1,83.2,83.9,83.4,
Canada,LEF,,74.2,,,,,75.2,,,,,76.4,,,,,77.5,,,78.8,78.9,79,79.1,79.4,79.6,79.7,79.8,79.9,80.1,80.3,80.5,80.7,80.9,80.9,81,80.9,81,81.1,81.3,81.4,81.6,81.8,81.9,82,82.2,82.3,82.6,82.7,82.9,83,83.3,83.5,83.6,83.8,,,
Chile,LEF,,,,,,,,,,,65.4,,,,,,,,,,,,,,,,,,,,76.5,77.4,77.6,77.8,78.3,78.2,78.6,79.1,79,79.1,80,80,80.3,80.2,80.2,80.5,80.8,80.4,81,81.1,80.9,81.4,81.3,82.4,82.5,81.7,81.8
Czech Republic,LEF,73.5,73.6,72.9,73.6,73.8,73.5,73.9,73.8,73.5,73.2,73.1,73.4,73.7,73.8,73.6,74.1,74.3,74.3,74.4,74.4,74,74.4,74.5,74.4,74.6,74.8,74.7,75.3,75.4,75.5,75.5,75.8,76.3,76.5,76.8,76.8,77.5,77.6,78.2,78.3,78.5,78.5,78.7,78.6,79.1,79.2,79.9,80.2,80.5,80.5,80.9,81.1,81.2,81.3,82,81.6,
Denmark,LEF,74.4,,,,,,,74.9,75.4,75.6,75.9,75.9,76.1,76.3,76.9,77.1,76.8,77.9,77.6,77.5,77.3,77.5,77.8,77.7,77.8,77.6,77.7,77.9,77.8,77.9,77.8,78.1,78,77.8,78.2,77.9,78.3,78.6,79,79,79.2,79.3,79.4,79.8,80.2,80.5,80.7,80.6,81,81.1,81.4,81.9,82.1,82.4,82.8,82.7,
Estonia,LEF,73.1,73.3,73.2,73.6,74.2,74.3,74.4,74.8,74.5,74.4,74.5,74.8,74.7,74.7,75.1,74.8,74.4,74.5,74.5,74.2,74.3,74.1,74.7,74.8,74.3,74.5,75.1,75.1,75,74.9,74.9,75,74.8,74,72.9,74.3,75.6,75.9,75.4,76.1,76.4,76.5,77.2,77.2,78,78.2,78.6,78.9,79.5,80.3,80.8,81.3,81.5,81.7,81.9,82.2,
Finland,LEF,72.5,,,72.6,,,,,73.7,,75,74.2,74.9,75.5,75.4,75.9,76.3,76.9,77.6,77.5,78,78.2,78.8,78.5,79,78.7,78.9,78.8,78.8,79,79,79.5,79.6,79.5,80.3,80.4,80.7,80.7,81,81.2,81.2,81.7,81.6,81.9,82.5,82.5,83.1,83.1,83.3,83.5,83.5,83.8,83.7,84.1,84.1,84.4,
France,LEF,73.6,74.4,73.9,74.1,75.1,75,75.2,75.2,75.2,75.1,75.9,75.9,76.2,76.3,76.7,76.9,77.2,77.8,77.9,78.3,78.4,78.5,78.9,78.8,79.3,79.4,79.8,80.5,80.7,80.9,81.2,81.4,81.7,81.7,82.2,82.2,82.3,82.6,82.7,82.7,83,83,83,82.8,83.9,83.9,84.5,84.8,84.8,85,85.3,85.7,85.4,85.6,86,85.5,
Germany,LEF,71.7,72.3,72.6,72.8,73.4,73.3,73.5,73.8,73.4,73.3,73.6,73.8,74.1,74.4,74.6,74.5,75,75.7,75.7,76,76.2,76.4,76.7,77,77.5,77.6,77.7,78.2,78.4,78.6,78.5,78.8,79.3,79.4,79.7,79.9,80.1,80.5,80.8,81,81.2,81.4,81.3,81.3,81.9,82,82.4,82.7,82.7,82.8,83,83.1,83.1,83,83.6,83.1,
Greece,LEF,,73.8,73.4,73.7,73.8,74.3,74.7,74.2,74.2,75,76,76.2,75.9,76.2,76.8,76.7,76.7,77,77.5,77.8,77.5,77.9,78.2,78,78.6,78.4,78.8,78.6,79.3,79.5,79.5,79.8,79.7,80.1,80.3,80.4,80.6,81,80.9,81.1,81.3,81.9,82,82,82.2,82.5,82.7,82.5,83,83.3,83.3,83.6,83.4,84,84.1,83.7,
Hungary,LEF,70.2,71.2,70.1,71.3,71.9,71.5,72.3,72.1,72,72.1,72.1,72.1,72.7,72.6,72.3,72.5,72.6,73.1,72.8,73.2,72.8,73,73.3,73.1,73.3,73.2,73.3,73.9,74.2,73.8,73.8,74,74,74,74.5,74.8,75,75.5,75.6,75.6,76.2,76.7,76.7,76.7,77.2,77.2,77.8,77.8,78.3,78.4,78.6,78.7,78.7,79.1,79.4,79,
Iceland,LEF,,76.3,76.2,76.1,76.4,76.4,76.4,76.6,76.5,76.4,77.3,76.5,76.9,77.6,78,79,80.2,79.6,79.6,,80.4,79.8,79.6,80.6,80.5,80.4,80.7,79.9,79.9,80.2,80.7,81.3,80.8,80.8,81.5,80.1,81.2,81.6,81.6,81.4,81.6,83.2,82.5,82.5,83.2,83.5,82.9,83.4,83.3,83.8,84.1,84.1,84.3,83.7,84.5,83.8,
Ireland,LEF,71.9,,,,,,,,,,73.5,,,,,,,,74.9,75,75.6,75.6,75.6,,,76.1,76.4,77.3,77.3,77.2,77.7,77.9,78.3,78.1,78.6,78.3,78.7,78.7,79.1,78.9,79.2,79.9,80.4,80.7,81.1,81.3,81.7,82.1,82.4,82.7,83.1,83,83.1,83.1,83.5,83.4,
Israel,LEF,,,,,,,,,,,,73.4,72.8,73.2,73.3,73.9,74.8,74.7,75,75.3,75.7,75.9,75.8,76.2,76.6,77,76.8,77,77.5,78.1,78.4,78.5,78.4,79.1,79.4,79.5,80,80.1,80.3,80.4,80.9,81.2,81.5,81.8,82.4,82.2,82.5,82.4,83,83.3,83.6,83.5,83.6,83.9,84.1,84.1,
Italy,LEF,,72.3,,,,,,,,,,74.9,,,75.6,75.8,76,76.7,77.2,77.5,77.4,77.6,78,78.1,78.2,78.8,79.1,79.6,79.7,80.2,80.3,80.4,80.8,81,81.2,81.5,81.8,82,82.1,82.6,82.8,83.2,83.2,82.8,83.7,83.6,84.1,84.2,84.2,84.3,84.7,84.8,84.8,85.2,85.6,84.9,
Japan,LEF,70.2,70.8,71.2,72.3,72.9,72.9,73.6,74.2,74.3,74.7,74.7,75.6,75.9,76,76.3,76.9,77.4,78,78.3,78.9,78.8,79.1,79.7,79.8,80.2,80.5,80.9,81.4,81.3,81.8,81.9,82.1,82.2,82.5,83,82.9,83.6,83.8,84,84,84.6,84.9,85.2,85.3,85.6,85.5,85.8,86,86.1,86.4,86.3,85.9,86.4,86.6,86.8,87.1,
Korea,LEF,,,,,,,,,,,65.8,66.3,66.8,67.3,67.8,68.2,68.6,69.1,69.5,69.9,70.4,70.9,71.5,71.9,72.6,73.2,73.8,74.3,74.8,75.3,75.9,76.4,76.8,77.3,77.7,77.9,78.3,78.7,79,79.2,79.7,80.1,80.3,80.8,81.2,81.6,82.1,82.5,83,83.4,83.6,84,84.2,84.6,85,85.2,
Latvia,LEF,,,,,,,,,,,,,,,,,,,,,,,,,,,,,,,,,,,,,,,,,,,75.8,75.7,76,76.3,76.1,76.2,77.5,77.7,78,78.8,78.9,78.9,79.4,79.5,
Luxembourg,LEF,72.2,,,,,,,,73.5,73.4,73,73.1,74.1,74.6,74.5,74.3,74.3,76.2,75.6,76.5,75.6,76.3,76.4,77.1,76.9,77.3,78.7,77.9,79,78.4,78.7,79.3,78.6,79.6,79.9,80.6,80.2,80,80.8,81.4,81.3,80.7,81.5,80.8,82.4,82.3,81.9,82.2,83.1,83.3,83.5,83.6,83.8,83.9,85.2,84.7,
Mexico,LEF,59.2,59.8,60.5,61,61.6,62.1,62.5,62.9,63.3,63.7,63.2,64.6,65.4,66.1,66.7,67.3,67.9,68.5,69,69.6,70.2,70.7,71.2,71.6,72,72.4,72.8,73.1,73.5,73.6,74,74.3,74.6,74.9,75.1,75.3,75.5,75.7,75.9,76,76.1,76.3,76.4,76.5,76.6,76.7,76.8,76.9,76.9,76.9,77,77.2,77.3,77.4,77.5,77.7,77.7
Netherlands,LEF,75.4,75.9,75.7,75.8,76.3,76.1,76.1,76.6,76.4,76.3,76.5,76.8,76.8,77.1,77.6,77.7,77.9,78.5,78.5,78.9,79.2,79.3,79.4,79.6,79.7,79.8,79.7,80.3,80.4,80.1,80.2,80.3,80.4,80.1,80.4,80.5,80.5,80.7,80.8,80.5,80.7,80.8,80.7,81,81.5,81.7,82,82.5,82.5,82.9,83,83.1,83,83.2,83.5,83.2,
New Zealand,LEF,,73.8,73.9,74,74.1,74.2,74.3,74.4,74.4,74.5,74.5,74.6,74.8,74.9,75.1,75.3,75.5,75.6,75.8,76,76.2,76.4,76.6,76.7,76.8,77,77.1,77.4,77.8,78.1,78.4,78.7,78.9,79.1,79.3,79.5,79.7,80,80.2,80.5,80.8,81.1,81.3,81.5,81.7,81.9,82.2,82.3,82.5,82.6,82.7,82.9,83,83.2,83.3,83.4,
Norway,LEF,76,76.2,76.2,75.7,76.3,76.7,76.9,77.1,77,76.9,77.5,77.5,77.7,77.9,78.2,78.3,78.4,78.9,78.9,79.1,79.3,79.4,79.7,79.7,79.8,79.5,80,79.7,79.7,80,79.9,80.2,80.5,80.3,80.8,80.9,81.2,81.1,81.4,81.2,81.5,81.6,81.6,82.1,82.5,82.7,82.9,82.9,83.2,83.2,83.3,83.6,83.5,83.8,84.2,84.2,
Poland,LEF,70.6,70.8,70.5,71.5,71.6,72.4,72.9,72.6,73.6,73.1,73.3,73.3,74.2,74.3,74.6,74.3,74.6,74.5,74.5,74.9,74.4,75.2,75.2,75.2,75,75.3,75.1,75.2,75.7,75.5,75.3,75.1,75.6,75.9,76.1,76.4,76.6,77,77.4,77.5,78,78.4,78.8,78.8,79.2,79.3,79.7,79.8,80,80.1,80.7,81.1,81.1,81.2,81.7,81.6,
Portugal,LEF,66.7,65.4,67,67.6,67.8,68.9,68.4,69.2,69.4,69,69.7,69.7,71.5,70.6,71.4,72.1,72.6,73.7,73.9,74.7,74.9,75.2,76,75.8,76.2,76.5,76.8,77.2,77.3,77.9,77.5,77.7,78.4,78.1,79,79,79,79.4,79.6,79.8,80.4,80.7,80.8,80.8,81.8,81.5,82.5,82.5,82.7,82.8,83.2,83.8,83.6,84,84.4,84.3,
Slovak Republic,LEF,72.7,73.2,72.7,73.3,73.6,72.9,73.3,73.9,73.6,73.3,73.1,73.3,73.9,73.4,73.7,74,74.1,74.3,74.2,74.6,74.4,74.9,74.9,74.7,75.1,75,75.1,75.4,75.7,75.6,75.7,75.5,76,76.3,76.7,76.5,77,76.9,77,77.4,77.5,77.7,77.7,77.7,78,78.1,78.4,78.4,79,79.1,79.3,79.8,79.9,80.1,80.5,80.2,
Slovenia,LEF,,,,,,,,,,,72.4,,,,,,,,,,,,75.3,75,75.4,76,76.4,76.5,77,77.5,77.8,77.5,77.6,77.6,77.8,78.5,79,79.1,79.2,79.5,79.9,80.4,80.5,80.3,80.8,80.9,82,82,82.6,82.7,83.1,83.3,83.3,83.6,84.1,83.9,
Spain,LEF,72.2,,,,,,,,,,74.8,,,,,76.3,76.6,77.1,77.4,78,78.5,78.8,79.4,79.1,79.7,79.6,79.9,80.2,80.3,80.5,80.6,80.7,81.3,81.3,81.7,81.8,82,82.4,82.4,82.3,82.8,83.2,83.3,83,83.7,83.6,84.4,84.4,84.6,85,85.5,85.6,85.5,86.1,86.2,85.8,
Sweden,LEF,74.9,75.4,75.4,75.6,75.9,76.1,76.5,76.5,76.4,76.7,77.3,77.5,77.6,77.8,78,78.1,78,78.7,78.8,78.8,79,79.3,79.5,79.8,80.1,79.8,80.2,80.3,80,80.7,80.5,80.7,81,80.9,81.6,81.7,81.7,82,82.1,82,82,82.2,82.1,82.5,82.8,82.9,83.1,83.1,83.3,83.5,83.6,83.8,83.6,83.8,84.2,84.1,
Switzerland,LEF,74.1,74.6,74.1,74.3,75.2,75.1,75.3,75.8,75.6,75.7,76.2,76.3,76.9,77.1,77.6,78.1,78.2,78.8,78.8,79,79,79.3,79.6,79.7,80.3,80.4,80.5,80.9,81,81.2,80.9,81.4,81.6,81.7,82,81.9,82.2,82.2,82.7,82.7,82.8,83.2,83.2,83.2,83.8,84,84.2,84.4,84.6,84.6,84.9,85,84.9,85,85.4,85.1,
Turkey,LEF,50.3,51,51.7,52.3,53,53.6,54.3,54.9,55.5,55.9,56.3,56.7,57.1,57.5,57.9,58.3,58.7,59.2,59.6,60,60.3,60.7,61.1,61.9,63.1,64.3,65.5,66.7,67.5,68,69.5,69.8,70.2,70.6,71,71.3,71.8,72.2,72.3,72.7,73.1,73.5,73.9,74.4,74.8,75.2,75.6,75.9,76.2,76.5,76.8,77.1,77.2,80.7,80.7,80.7,
United Kingdom,LEF,73.7,73.6,,,,,,,,,75,75,,,,,,,,,76.2,76.8,77,77.3,77.4,77.6,77.7,78,78.1,78.1,78.5,78.7,79,78.9,79.5,79.3,79.5,79.7,79.8,79.9,80.3,80.5,80.6,80.5,81.1,81.3,81.6,81.8,81.8,82.4,82.6,83,82.8,82.9,83.2,82.8,
United States,LEF,73.1,73.6,73.5,73.4,73.7,73.8,73.8,74.3,74.1,74.4,74.7,75,75.1,75.3,75.9,76.6,76.8,77.2,77.3,77.8,77.4,77.8,78.1,78.1,78.2,78.2,78.2,78.3,78.3,78.5,78.8,78.9,79.1,78.8,79,78.9,79.1,79.4,79.5,79.4,79.3,79.5,79.6,79.7,80.1,80.1,80.3,80.6,80.6,80.9,81,81.1,81.2,81.2,81.3,81.2,
Brazil,LEF,56.1,56.7,57.3,57.9,58.5,59.1,59.7,60.3,60.9,61.5,62,62.5,63,63.4,63.7,64,64.2,64.5,64.7,65,65.3,65.6,66,66.3,66.7,67.1,67.5,67.9,68.3,68.8,69.2,69.6,70.1,70.6,71.1,71.6,72.1,72.6,73.1,73.5,74,74.4,74.8,75.1,75.5,75.8,76,76.3,76.6,76.9,77.2,77.4,77.7,78,78.3,78.5,
China,LEF,44.8,45.1,45.8,47.1,48.8,50.8,53.1,55.3,57.3,59.1,60.5,61.7,62.6,63.5,64.3,65,65.7,66.4,67,67.5,68,68.5,68.9,69.2,69.5,69.8,70,70.2,70.4,70.5,70.7,70.9,71.1,71.3,71.6,71.8,72.1,72.4,72.7,73.1,73.5,73.8,74.2,74.6,75,75.3,75.7,75.9,76.2,76.4,76.6,76.8,77,77.2,77.3,77.5,
Colombia,LEF,58.5,59,59.5,60,60.4,60.8,61.2,61.6,62,62.4,62.8,63.2,63.6,64,64.4,64.9,65.5,66.1,66.8,67.5,68.3,69.1,69.7,70.3,70.8,71.2,71.4,71.7,71.9,72.1,72.4,72.6,72.9,73.1,73.4,73.6,73.9,74.1,74.3,74.6,74.8,75.1,75.3,75.6,75.8,76,76.3,76.5,76.7,76.9,77,77.2,77.3,77.5,77.7,77.8,
Costa Rica,LEF,62,62.7,63.4,64.1,64.8,65.4,66,66.6,67.2,67.8,68.3,68.9,69.5,70.1,70.8,71.4,72,72.7,73.4,74.1,74.7,75.4,75.9,76.4,76.9,77.2,77.5,77.8,78,78.2,78.3,78.5,78.6,78.8,78.9,79.1,79.2,79.4,79.5,79.7,79.8,80,80.1,80.2,80.4,80.5,80.6,80.8,80.9,81.1,81.3,81.4,81.6,81.8,81.9,82.1,
India,LEF,40.4,41,41.7,42.3,43,43.6,44.3,45,45.7,46.4,47.2,47.9,48.6,49.4,50.1,50.8,51.5,52.2,52.8,53.4,54,54.5,54.9,55.3,55.7,56,56.4,56.8,57.3,57.8,58.3,58.8,59.4,60,60.6,61.1,61.6,62.1,62.6,63.1,63.5,63.9,64.3,64.7,65,65.4,65.8,66.3,66.8,67.2,67.7,68.2,68.7,69.1,69.5,69.9,
Indonesia,LEF,50.1,50.7,51.3,51.8,52.4,53,53.5,54.1,54.6,55.2,55.7,56.3,56.8,57.4,57.9,58.4,58.9,59.4,59.9,60.3,60.8,61.2,61.6,62,62.4,62.8,63.2,63.6,64,64.4,64.7,65.1,65.5,65.9,66.2,66.6,66.9,67.2,67.5,67.8,68,68.2,68.5,68.7,69,69.2,69.4,69.7,69.9,70.1,70.3,70.5,70.6,70.8,71,71.2,
Lithuania,LEF,,,,,,,,,,,75,76.1,75.4,75.6,75.7,75.5,75.7,75.5,75.2,75.4,75.4,75.4,75.8,75.7,75.3,75.3,76.4,76.3,76.3,76.3,76.3,76,76,75,74.9,75.1,75.9,76.6,76.7,77,77.4,77.4,77.4,77.7,77.7,77.4,77.1,77.2,77.6,78.7,78.9,79.3,79.6,79.6,80.1,79.7,
Russia,LEF,70.2,70.8,71.3,71.7,72,72.2,72.4,72.6,72.7,72.8,73.4,73.8,73.6,73.6,73.8,73.2,73.1,73.2,73.2,73,73,73.2,73.6,73.4,73,73.2,74.2,74.3,74.5,74.4,74.3,74.2,73.7,71.8,71.1,71.6,72.4,72.8,73.1,72.4,72.3,72.2,71.9,71.9,72.4,72.5,73.3,74,74.3,74.8,74.9,75.6,75.9,76.3,76.5,76.7,
South Africa,LEF,50.8,51.3,51.8,52.3,52.8,53.3,53.8,54.3,54.7,55.1,55.6,56,56.4,56.8,57.2,57.6,58.1,58.6,59.2,59.8,60.4,61,61.7,62.3,63,63.6,64.2,64.7,65.2,65.6,65.9,66.1,66.1,65.8,65.4,64.8,63.8,62.6,61.2,59.6,58,56.5,55.2,54.1,53.3,52.9,52.9,53.3,54.1,55.1,56.1,57.2,58.1,58.8,59.3,59.5,
Australia,LEM,67.9,68,67.8,67.9,67.5,67.7,67.6,67.8,67.5,67.5,67.4,68.3,68.6,68.6,68.4,69.2,69.3,69.9,70.2,70.8,71,71.4,71.2,72.1,72.5,72.4,72.9,73.1,73.1,73.3,73.9,74.4,74.5,75,75,75,75.2,75.6,75.9,76.2,76.6,77,77.4,77.8,78.1,78.5,78.7,79,79.2,79.3,79.5,79.7,79.9,80.1,80.3,80.4,
Austria,LEM,65.4,66.5,66.3,66.4,66.8,66.6,66.9,66.6,66.8,66.5,66.5,66.7,67,67.6,67.5,67.7,68.2,68.5,68.5,68.8,69,69.3,69.4,69.5,70.1,70.4,71,71.5,71.9,71.9,72.3,72.3,72.5,72.8,73.2,73.4,73.7,74.1,74.5,74.9,75.2,75.6,75.8,75.9,76.4,76.6,77.1,77.4,77.7,77.6,77.8,78.3,78.4,78.6,79.1,78.8,
Belgium,LEM,66.8,67.6,67.4,67.1,67.8,67.6,67.8,67.9,67.6,67.6,67.9,67.9,68.2,68.4,68.8,68.8,68.9,69.5,69.4,69.9,69.9,70.3,70.6,70.6,71,71.1,71.4,72,72.2,72.3,72.7,72.9,73,73,73.4,73.5,73.9,74.2,74.4,74.4,74.6,74.9,75.1,75.3,76,76.2,76.6,77.1,76.9,77.3,77.5,78,77.8,78.1,78.8,78.7,
Canada,LEM,,68.4,,,,,68.8,,,,,69.3,,,,,70.2,,,71.4,71.7,71.9,72,72.3,72.7,72.9,73.1,73.3,73.5,73.7,73.9,74.3,74.5,74.7,74.8,74.9,75.2,75.4,75.7,76,76.3,76.6,76.9,77.1,77.4,77.6,77.9,78.1,78.3,78.5,78.8,79.1,79.4,79.6,,,
Chile,LEM,,,,,,,,,,,59.1,,,,,,,,,,,,,,,,,,,,69.4,70.6,71.4,71.3,71.7,71.5,71.8,72.4,72.6,72.9,73.7,73.6,74.1,74.2,74.2,74.7,75.1,74.6,75.2,75.3,75.2,76,76.1,76.6,76.8,76.5,76.7
Czech Republic,LEM,67.8,67.7,66.9,67.3,67.5,67.2,67.3,67.1,66.6,66,66.1,66.2,66.9,66.6,66.8,67,67.1,67.2,67.3,67.4,66.9,67.2,67.3,67.1,67.4,67.5,67.5,67.9,68.2,68.2,67.6,68.2,68.6,69.3,69.5,69.7,70.4,70.5,71.2,71.5,71.6,72,72.1,72,72.5,72.9,73.5,73.8,74.1,74.3,74.5,74.8,75.1,75.2,75.8,75.7,
Denmark,LEM,70.4,,,,,,,70.3,70.6,70.7,70.7,70.7,70.7,70.8,71,71.3,70.9,71.8,71.5,71.2,71.2,71.3,71.6,71.5,71.7,71.5,71.8,71.8,72.1,72,72,72.5,72.6,72.6,72.8,72.7,73.1,73.6,74,74.2,74.5,74.7,74.8,75,75.4,76,76.1,76.2,76.5,76.9,77.2,77.8,78.1,78.3,78.7,78.8,
Estonia,LEM,64.7,65.1,65.6,65.4,66.4,66.3,66.3,66.4,65.9,65.3,65.5,65.7,65.5,66.1,65.9,65,64.6,64.7,64.3,64.1,64.2,64.1,64.6,64.4,64.6,64.6,66.2,66.3,66.5,65.7,64.7,64.4,63.4,62.3,60.6,61.4,64.2,64.2,63.9,65,65.6,65.2,65.6,66.4,66.7,67.6,67.6,67.5,68.9,70,70.9,71.4,71.4,72.8,72.4,73.2,
Finland,LEM,65.5,,,65.4,,,,,65.9,,66.5,65.9,66.6,66.9,66.9,67.4,67.6,67.9,68.5,69,69.2,69.6,70.3,70.3,70.5,70.2,70.6,70.7,70.7,70.9,71,71.4,71.7,72.1,72.8,72.8,73.1,73.5,73.6,73.8,74.2,74.6,74.9,75.1,75.4,75.6,75.9,76,76.5,76.6,76.9,77.3,77.7,78,78.4,78.7,
France,LEM,67,67.5,67,66.8,67.7,67.5,67.8,67.8,67.8,67.4,68.4,68.3,68.5,68.7,68.9,69,69.2,69.7,69.8,70.1,70.2,70.4,70.7,70.7,71.2,71.3,71.6,72.1,72.4,72.5,72.8,73,73.3,73.4,73.8,73.9,74.2,74.6,74.9,75.1,75.4,75.5,75.8,75.8,76.7,76.8,77.4,77.6,77.9,78,78.3,78.8,78.7,79,79.5,79.2,
Germany,LEM,66.5,67,67.1,67.2,67.7,67.7,67.7,67.9,67.5,67.3,67.5,67.7,67.8,68.1,68.4,68.2,68.6,69.2,69.1,69.5,69.6,69.9,70.2,70.5,71,71.1,71.4,71.7,71.9,72.1,72,72.2,72.7,72.8,73.1,73.3,73.6,74.1,74.5,74.8,75.1,75.6,75.7,75.8,76.5,76.7,77.2,77.4,77.6,77.8,78,77.9,78.1,78.1,78.7,78.3,
Greece,LEM,,70.2,69.9,70.2,69.9,70.5,70.5,70.4,70.6,71,71.6,72.2,71.7,72,72.4,72.2,72.3,72.4,72.9,73.2,73,73.4,73.6,73.4,73.8,73.5,74.1,73.9,74.3,74.5,74.7,74.8,74.7,75.1,75.3,75.2,75.3,75.7,75.8,75.9,75.9,76.3,76.4,76.6,76.6,76.8,77.1,76.9,77.5,77.5,78,78,78,78.7,78.8,78.5,
Hungary,LEM,65.9,66.8,65.7,66.6,67,66.7,67.5,66.9,66.6,66.7,66.3,66.1,66.8,66.6,66.3,66.3,66.7,66.8,66.1,66.2,65.5,65.5,65.7,65.1,65.1,65.1,65.3,65.7,66.2,65.4,65.2,65.1,64.7,64.7,65,65.4,66.3,66.7,66.5,66.7,67.5,68.2,68.3,68.4,68.7,68.7,69.2,69.4,70,70.3,70.7,71.2,71.6,72.2,72.3,72.3,
Iceland,LEM,,70.8,71.4,70.2,70.8,71.4,70.3,71.1,71.6,71.2,70.7,70.8,72.1,71.5,71.2,72.3,73.9,73.3,73.8,,73.5,73.4,74.6,73.3,74.8,74.9,75.4,74.9,74.4,76.2,75.5,74.9,76.8,77.1,77.1,76,76.5,76.3,77.7,77.4,77.8,78.3,78.6,79.5,78.9,79.6,79.5,79.6,80,79.8,79.8,80.7,81.6,80.5,81.3,81.2,
Ireland,LEM,68.1,,,,,,,,,,68.8,,,,,,,,68.1,69.5,70.1,70.1,70.1,,,70.7,70.8,71.6,71.7,71.7,72.1,72.3,72.7,72.5,73.1,72.8,73.1,73.4,73.4,73.4,74,74.5,75,75.7,76.1,76.7,76.9,77.3,77.9,77.8,78.5,78.6,78.7,79,79.3,79.6,
Israel,LEM,,,,,,,,,,,,70.1,70.1,70.2,70.1,70.3,71.2,71.3,71.5,71.8,72.1,72.7,72.5,72.8,73.1,73.5,73.2,73.6,73.9,74.6,74.9,75.1,74.7,75.3,75.5,75.5,76.3,76,76.1,76.6,76.7,77.3,77.5,77.6,78,78.2,78.7,78.7,79,79.6,79.7,79.9,79.9,80.3,80.3,80.1,
Italy,LEM,,67.2,,,,,,,,,,69,,,69.5,69.5,69.6,70,70.4,70.6,70.6,70.9,71.3,71.5,71.8,72.3,72.6,73,73.2,73.6,73.8,73.8,74.2,74.6,74.8,75,75.4,75.8,76,76.4,76.9,77.2,77.4,77.3,78,78.1,78.6,78.8,78.9,79.1,79.5,79.7,79.8,80.3,80.7,80.3,
Japan,LEM,65.3,66,66.2,67.2,67.7,67.7,68.4,68.9,69.1,69.2,69.3,70.2,70.5,70.7,71.2,71.7,72.2,72.7,73,73.5,73.4,73.8,74.2,74.2,74.5,74.8,75.2,75.6,75.5,75.9,75.9,76.1,76.1,76.3,76.6,76.4,77,77.2,77.2,77.1,77.7,78.1,78.3,78.4,78.6,78.6,79,79.2,79.3,79.6,79.6,79.4,79.9,80.2,80.5,80.8,
Korea,LEM,,,,,,,,,,,58.7,59.1,59.4,59.7,60,60.3,60.6,60.9,61.1,61.4,61.9,62.4,62.9,63.4,64,64.6,65.3,65.9,66.5,67,67.5,67.9,68.4,68.9,69.3,69.7,70.2,70.7,71.2,71.8,72.3,72.9,73.4,73.8,74.3,74.9,75.4,75.9,76.2,76.7,76.8,77.3,77.6,78.1,78.6,79,
Latvia,LEM,,,,,,,,,,,,,,,,,,,,,,,,,,,,,,,,,,,,,,,,,,,64.4,65.3,65.6,64.9,65,65.3,66.5,67.5,67.9,68.6,68.9,69.3,69.1,69.7,
Luxembourg,LEM,66.5,,,,,,,,,,,66.2,67.7,66.9,67.1,67.3,67.2,68.2,68.5,69,70,68.9,68.9,69.9,69.7,70.3,70.7,70.6,71,71.2,72.4,72,71.9,72.2,73.2,73,73.3,74,73.7,74.4,74.6,75.1,74.6,74.8,76,76.7,76.8,76.7,78.1,78.1,77.9,78.5,79.1,79.8,79.4,80,
Mexico,LEM,55.8,56.5,57.1,57.6,58.1,58.5,58.8,59,59.2,59.5,58.5,60.2,60.7,61.2,61.7,62,62.4,62.8,63.1,63.6,64.1,64.6,65.1,65.6,66.1,66.6,67,67.3,67.7,67.9,67,67.5,68,68.4,68.8,69.2,69.5,69.8,70,70.3,70.5,70.7,70.8,71,71.2,71.3,71.4,71.5,71.3,71.1,71.1,71.2,71.4,71.7,72.1,72.3,72.3
Netherlands,LEM,71.5,71.6,71.1,71,71.3,71.1,71,71.2,70.9,70.9,70.8,71,70.8,71.3,71.6,71.5,71.5,72.1,72,72.5,72.5,72.7,72.7,72.9,73,73.1,73.1,73.5,73.7,73.7,73.8,74.1,74.3,74,74.6,74.6,74.7,75.2,75.2,75.3,75.6,75.8,76,76.3,76.9,77.2,77.7,78.1,78.4,78.7,78.9,79.4,79.3,79.5,80,79.9,
New Zealand,LEM,,68.4,68.4,68.3,68.3,68.2,68.2,68.3,68.3,68.4,68.5,68.5,68.6,68.7,68.8,68.9,69,69.3,69.6,69.8,70.1,70.4,70.5,70.7,70.8,71,71.1,71.5,71.8,72.2,72.5,72.9,73.2,73.5,73.8,74.1,74.4,74.8,75.2,75.6,75.9,76.3,76.7,77,77.4,77.7,78,78.2,78.4,78.7,78.9,79.1,79.3,79.5,79.7,79.9,
Norway,LEM,71.6,71.4,71.2,71.1,71.5,71.3,71.6,71.5,71.4,71,71.2,71.3,71.5,71.5,71.9,71.9,72.2,72.5,72.6,72.4,72.4,72.7,72.7,72.8,73,72.6,72.9,72.8,73.1,73.3,73.4,74,74.2,74.2,74.9,74.8,75.4,75.5,75.6,75.6,76,76.2,76.4,77.1,77.6,77.8,78.2,78.3,78.4,78.7,79,79.1,79.5,79.8,80.1,80.5,
Poland,LEM,64.9,64.9,64.5,65.4,65.8,66.6,66.9,66.4,67,66.5,66.6,66.1,67.3,67.2,67.8,67,66.9,66.5,66.4,66.8,66,67.1,67.2,67,66.8,66.9,66.8,67.8,67.2,66.8,66.3,65.9,66.5,67.2,67.5,67.7,68.1,68.5,68.9,68.8,69.6,70,70.3,70.5,70.6,70.8,70.9,71,71.3,71.5,72.2,72.5,72.6,73,73.7,73.5,
Portugal,LEM,61.1,59.9,61.2,61.8,62,62.6,62,62.8,63.3,62.8,63.6,63.1,65.2,64.4,64.8,64.6,65.3,66.4,67.1,67.9,67.9,68.2,69,69,69.2,69.4,69.9,70.3,70.3,70.9,70.6,70.5,71,71,72,71.7,71.6,72.2,72.4,72.7,73.3,73.6,73.9,74.2,75,74.9,75.5,75.9,76.2,76.5,76.8,77.3,77.3,77.6,78,78.1,
Slovak Republic,LEM,67.9,68.6,68,68.3,68.8,67.9,67.8,68.4,67.7,66.9,66.8,66.6,67,66.8,66.8,66.9,67,66.8,66.9,67.2,66.7,66.8,67,66.7,66.9,67,67.2,67.4,67.2,67,66.7,66.9,67.1,67.8,68.3,68.4,68.8,68.9,68.6,69,69.2,69.5,69.8,69.8,70.3,70.2,70.4,70.6,70.9,71.4,71.8,72.3,72.5,72.9,73.3,73.1,
Slovenia,LEM,,,,,,,,,,,65,,,,,,,,,,,,67,66.9,67.3,67.7,68.4,68.2,68.9,69.3,69.8,69.5,69.6,69.4,70.1,70.8,71.1,71.1,71.3,71.8,72.2,72.3,72.6,72.5,73.5,73.9,74.5,74.6,75.5,75.9,76.4,76.8,77.1,77.2,78.2,77.8,
Spain,LEM,67.4,,,,,,,,,,69.2,,,,,70.5,70.8,71.2,71.3,71.8,72.3,72.5,73.1,72.9,73.1,73.1,73.4,73.5,73.5,73.4,73.3,73.4,73.8,74,74.4,74.4,74.5,75.2,75.3,75.3,75.8,76.3,76.4,76.4,77,77,77.8,77.9,78.3,78.8,79.2,79.5,79.5,80.2,80.4,80.1,
Sweden,LEM,71.2,71.6,71.3,71.6,71.7,71.7,71.9,71.9,71.7,71.7,72.3,72,72,72.2,72.2,72.2,72.2,72.4,72.5,72.5,72.8,73.1,73.5,73.6,73.9,73.8,74,74.2,74.1,74.8,74.8,75,75.4,75.5,76.1,76.2,76.6,76.8,76.9,77.1,77.4,77.6,77.7,78,78.4,78.5,78.8,79,79.2,79.4,79.6,79.9,79.9,80.2,80.4,80.4,
Switzerland,LEM,68.7,68.9,68.4,68.3,69.2,69.5,69.6,69.7,69.8,69.7,70,70.2,70.6,71,71.2,71.5,71.6,72,71.9,72.3,72.3,72.5,72.8,72.7,73.4,73.5,73.7,74,73.9,74.1,74,74.2,74.3,75,75.2,75.4,76,76.3,76.4,76.8,77,77.5,77.9,78,78.6,78.7,79.2,79.5,79.8,79.9,80.3,80.5,80.6,80.7,81.1,80.8,
Turkey,LEM,46.3,47,47.6,48.2,48.9,49.5,50.1,50.8,51.3,51.6,52,52.4,52.8,53.2,53.5,53.9,54.2,54.6,55,55.4,55.8,56.3,56.7,57.5,58.6,59.8,60.9,62.1,62.9,63.4,65.4,65.7,66.1,66.4,66.8,67.2,67.6,68,68.3,68.6,69,69.4,69.8,70.2,70.6,71,71.2,71.4,71.5,71.7,71.8,72,72,75.3,75.3,75.3,
United Kingdom,LEM,67.9,67.8,,,,,,,,,68.7,68.8,,,,,,,,,70.2,70.8,71.1,71.3,71.6,71.7,71.9,72.3,72.4,72.6,72.9,73.1,73.6,73.5,74.1,74,74.3,74.6,74.8,75,75.5,75.8,76,76.2,76.8,77,77.3,77.6,77.7,78.3,78.6,79,79.1,79.2,79.5,79.2,
United States,LEM,66.6,67.1,66.9,66.6,66.8,66.8,66.7,67,66.6,66.8,67.1,67.4,67.4,67.6,68.2,68.8,69.1,69.5,69.6,70,70,70.4,70.8,71,71.1,71.1,71.2,71.4,71.4,71.7,71.8,72,72.3,72.2,72.4,72.5,73.1,73.6,73.8,73.9,74.1,74.3,74.4,74.5,75,75,75.2,75.5,75.6,76,76.2,76.3,76.4,76.4,76.5,76.3,
Brazil,LEM,52.4,52.9,53.3,53.7,54.1,54.5,54.9,55.3,55.7,56,56.4,56.7,57,57.3,57.5,57.8,58,58.2,58.4,58.7,58.9,59.2,59.4,59.7,59.9,60.2,60.5,60.8,61,61.3,61.7,62,62.4,62.9,63.3,63.8,64.3,64.8,65.3,65.8,66.3,66.7,67.1,67.5,67.8,68.1,68.4,68.7,69,69.3,69.6,69.8,70.1,70.4,70.7,71,
China,LEM,42,42.3,43.1,44.2,45.7,47.5,49.6,51.6,53.6,55.4,56.9,58.2,59.4,60.4,61.4,62.2,62.9,63.6,64.2,64.7,65.1,65.5,65.8,66.1,66.4,66.6,66.8,67,67.2,67.3,67.4,67.5,67.6,67.8,67.9,68.1,68.4,68.8,69.1,69.6,70.1,70.6,71.1,71.5,71.9,72.3,72.6,72.8,73.1,73.3,73.5,73.7,73.9,74.1,74.3,74.5,
Colombia,LEM,55,55.6,56.1,56.5,57,57.4,57.8,58.1,58.4,58.7,59,59.3,59.6,59.9,60.3,60.7,61.1,61.5,62,62.4,62.8,63.1,63.5,63.7,64,64.2,64.3,64.4,64.4,64.4,64.4,64.5,64.6,64.8,65.1,65.4,65.8,66.2,66.6,67,67.3,67.6,67.9,68.2,68.4,68.7,68.9,69.1,69.3,69.5,69.7,69.9,70.1,70.3,70.5,70.7,
Costa Rica,LEM,59.2,59.9,60.6,61.3,61.9,62.4,62.9,63.4,63.8,64.2,64.7,65.1,65.5,66,66.5,67,67.5,68,68.6,69.1,69.6,70.2,70.6,71.1,71.5,71.8,72.1,72.4,72.7,72.9,73.1,73.3,73.5,73.7,74,74.2,74.4,74.6,74.8,75,75.1,75.3,75.4,75.6,75.7,75.8,75.9,76,76.1,76.2,76.3,76.5,76.6,76.8,77,77.2,
India,LEM,41.9,42.5,43.1,43.8,44.4,45,45.7,46.3,47,47.6,48.3,48.9,49.5,50.1,50.7,51.3,51.8,52.4,52.9,53.3,53.8,54.2,54.6,55,55.3,55.7,56.1,56.4,56.8,57.2,57.6,58,58.5,58.9,59.4,59.8,60.2,60.6,61,61.4,61.8,62.2,62.6,62.9,63.3,63.7,64,64.4,64.7,65,65.4,65.7,66,66.3,66.6,66.9,
Indonesia,LEM,47.3,47.9,48.6,49.2,49.8,50.4,51,51.6,52.2,52.8,53.4,54,54.5,55.1,55.6,56.1,56.6,57.1,57.6,58,58.5,58.9,59.3,59.7,60,60.3,60.6,60.9,61.2,61.5,61.9,62.2,62.5,62.9,63.2,63.5,63.8,64,64.2,64.4,64.6,64.7,64.8,65,65.1,65.2,65.4,65.6,65.7,65.9,66.1,66.3,66.5,66.7,66.9,67,
Lithuania,LEM,,,,,,,,,,,66.8,67.6,66.9,67.3,67.1,66.4,66.3,66.2,66,65.5,65.4,65.3,65.7,65.7,65.1,65.6,67.8,67.6,67.4,66.9,66.4,65.1,64.8,63.1,62.5,63.3,64.6,65.5,66,66.3,66.7,65.9,66.1,66.4,66.2,65.2,65,64.5,65.9,67.1,67.6,68.1,68.4,68.5,69.2,69.2,
Russia,LEM,62.1,62.6,63,63.2,63.4,63.4,63.4,63.4,63.3,63.2,63.1,63.2,63.3,63.3,63.1,62.5,62.2,61.8,61.8,61.5,61.4,61.6,62.3,62.2,61.7,62.7,64.8,64.8,64.6,64.2,63.7,63.4,61.9,58.8,57.4,58.1,59.6,60.9,61.2,59.9,59,58.9,58.7,58.5,58.9,58.9,60.4,61.5,61.9,62.9,63.1,64,64.6,65.1,65.3,65.9,
South Africa,LEM,47.3,47.6,47.9,48.2,48.5,48.8,49.1,49.4,49.7,50,50.3,50.5,50.8,51.1,51.4,51.7,52,52.4,52.8,53.2,53.7,54.3,54.8,55.4,55.9,56.4,56.9,57.4,57.8,58.2,58.5,58.7,58.8,58.7,58.5,58.2,57.6,56.8,55.8,54.8,53.7,52.7,51.8,51.1,50.5,50.3,50.4,50.7,51.3,52,52.7,53.5,54.2,54.7,55.2,55.5,
Australia,LEP,70.9,71.2,71,71.1,70.7,71,70.8,71.2,70.9,71.1,70.8,71.6,72,72.1,71.9,72.7,72.8,73.4,73.7,74.3,74.6,74.9,74.7,75.5,75.8,75.6,76.1,76.3,76.3,76.5,77,77.4,77.5,78,78,77.9,78.2,78.5,78.7,79,79.3,79.7,80,80.3,80.6,80.9,81.1,81.4,81.5,81.6,81.8,82,82.1,82.2,82.4,82.5,
Austria,LEP,68.7,69.7,69.4,69.6,70,69.8,70.2,70,70.2,69.9,70,70.2,70.6,71.1,71.1,71.2,71.7,72,72.1,72.4,72.6,72.9,73.1,73.1,73.7,73.9,74.4,74.9,75.3,75.4,75.7,75.7,75.9,76.2,76.5,76.8,77,77.4,77.8,78,78.2,78.7,78.8,78.7,79.3,79.4,80,80.3,80.5,80.4,80.7,81.1,81,81.2,81.6,81.3,
Belgium,LEP,69.8,70.6,70.3,70.1,70.9,70.7,70.8,71.1,70.8,70.9,71.1,71.2,71.5,71.7,72.1,72.1,72.2,72.9,72.8,73.3,73.3,73.7,74,74,74.5,74.6,74.8,75.5,75.7,75.7,76.1,76.3,76.5,76.5,76.8,77,77.3,77.5,77.6,77.7,77.8,78.1,78.2,78.2,79,79.1,79.5,79.9,79.8,80.1,80.3,80.7,80.5,80.7,81.4,81.1,
Canada,LEP,,71.3,,,,,72,,,,,72.9,,,,,73.9,,,75.1,75.3,75.5,75.6,75.9,76.2,76.3,76.5,76.6,76.8,77,77.2,77.5,77.7,77.8,77.9,77.9,78.1,78.3,78.5,78.7,79,79.2,79.4,79.6,79.8,80,80.3,80.4,80.6,80.8,81.1,81.3,81.5,81.7,,,
Chile,LEP,,,,,,,,,,,62.3,,,,,,,,,,,,,,,,,,,,72.9,74,74.5,74.5,75,74.9,75.2,75.7,75.8,76,76.8,76.8,77.2,77.2,77.2,77.6,78,77.5,78.1,78.2,78,78.7,78.7,79.5,79.7,79.1,79.2
Czech Republic,LEP,70.7,70.7,69.9,70.5,70.7,70.4,70.6,70.5,70.1,69.6,69.6,69.8,70.3,70.2,70.2,70.6,70.7,70.8,70.9,70.9,70.5,70.8,70.9,70.8,71,71.2,71.1,71.6,71.8,71.9,71.6,72,72.5,72.9,73.2,73.3,74,74.1,74.7,74.9,75.1,75.3,75.4,75.3,75.8,76.1,76.7,77,77.3,77.4,77.7,78,78.2,78.3,78.9,78.7,
Denmark,LEP,72.4,,,,,,,72.6,73,73.2,73.3,73.3,73.4,73.6,74,74.2,73.9,74.9,74.6,74.4,74.3,74.4,74.7,74.6,74.8,74.6,74.8,74.9,75,75,74.9,75.3,75.3,75.2,75.5,75.3,75.7,76.1,76.5,76.6,76.9,77,77.1,77.4,77.8,78.3,78.4,78.4,78.8,79,79.3,79.9,80.1,80.4,80.8,80.8,
Estonia,LEP,68.9,69.2,69.4,69.5,70.3,70.3,70.4,70.6,70.2,69.9,70,70.3,70.1,70.4,70.5,69.9,69.5,69.6,69.4,69.2,69.3,69.1,69.7,69.6,69.5,69.6,70.7,70.7,70.8,70.3,69.8,69.7,69.1,68.2,66.8,67.9,69.9,70.1,69.7,70.6,71,70.9,71.4,71.8,72.4,72.9,73.1,73.2,74.2,75.2,75.9,76.4,76.5,77.3,77.2,77.7,
Finland,LEP,69,,,69,,,,,69.8,,70.8,70.1,70.7,71.2,71.2,71.7,72,72.4,73,73.2,73.6,73.9,74.6,74.4,74.8,74.5,74.8,74.8,74.8,75,75,75.5,75.7,75.8,76.6,76.6,76.9,77.1,77.3,77.5,77.7,78.2,78.3,78.5,79,79.1,79.5,79.6,79.9,80.1,80.2,80.6,80.7,81.1,81.3,81.6,
France,LEP,70.3,71,70.5,70.5,71.4,71.3,71.5,71.5,71.5,71.3,72.2,72.1,72.4,72.5,72.8,73,73.2,73.8,73.9,74.2,74.3,74.5,74.8,74.8,75.3,75.4,75.7,76.3,76.6,76.7,77,77.2,77.5,77.6,78,78.1,78.3,78.6,78.8,78.9,79.2,79.3,79.4,79.3,80.3,80.4,81,81.2,81.4,81.5,81.8,82.3,82.1,82.3,82.8,82.4,
Germany,LEP,69.1,69.7,69.9,70,70.6,70.5,70.6,70.9,70.5,70.3,70.6,70.8,71,71.3,71.5,71.4,71.8,72.5,72.4,72.8,72.9,73.2,73.5,73.8,74.3,74.4,74.6,75,75.2,75.4,75.3,75.5,76,76.1,76.4,76.6,76.9,77.3,77.7,77.9,78.2,78.5,78.5,78.6,79.2,79.4,79.8,80.1,80.2,80.3,80.5,80.5,80.6,80.6,81.2,80.7,
Greece,LEP,,72,71.7,72,71.9,72.4,72.6,72.3,72.4,73,73.8,74.2,73.8,74.1,74.6,74.5,74.5,74.7,75.2,75.5,75.3,75.7,75.9,75.7,76.2,76,76.5,76.3,76.8,77,77.1,77.3,77.2,77.6,77.8,77.8,78,78.4,78.4,78.5,78.6,79.1,79.2,79.3,79.4,79.7,79.9,79.7,80.3,80.4,80.7,80.8,80.7,81.4,81.5,81.1,
Hungary,LEP,68.1,69,67.9,69,69.5,69.1,69.9,69.5,69.3,69.4,69.2,69.1,69.8,69.6,69.3,69.4,69.7,70,69.5,69.7,69.2,69.3,69.5,69.1,69.2,69.2,69.3,69.8,70.2,69.6,69.5,69.6,69.4,69.4,69.8,70.1,70.7,71.1,71.1,71.2,71.9,72.5,72.5,72.6,73,73,73.5,73.6,74.2,74.4,74.7,75,75.2,75.7,75.9,75.7,
Iceland,LEP,,73.6,73.8,73.2,73.6,73.9,73.4,73.9,74.1,73.8,74,73.7,74.5,74.6,74.6,75.7,77.1,76.5,76.7,,77,76.6,77.1,77,77.7,77.7,78.1,77.4,77.2,78.2,78.1,78.1,78.8,79,79.3,78.1,78.9,79,79.7,79.4,79.7,80.8,80.6,81,81.1,81.6,81.2,81.5,81.7,81.8,82,82.4,83,82.1,82.9,82.5,
Ireland,LEP,70,,,,,,,,,,71.2,,,,,,,,71.5,72.3,72.9,72.9,72.9,,,73.4,73.6,74.5,74.5,74.5,74.9,75.1,75.5,75.3,75.9,75.6,75.9,76.1,76.3,76.2,76.6,77.2,77.7,78.2,78.6,79,79.3,79.7,80.2,80.3,80.8,80.8,80.9,81.1,81.4,81.5,
Israel,LEP,,,,,,,,,,,,71.8,71.5,71.7,71.7,72.1,73,73,73.3,73.6,73.9,74.3,74.2,74.5,74.9,75.3,75,75.3,75.7,76.4,76.7,76.8,76.6,77.2,77.5,77.5,78.2,78.1,78.2,78.5,78.8,79.3,79.5,79.7,80.2,80.2,80.6,80.6,81,81.5,81.7,81.7,81.8,82.1,82.2,82.1,
Italy,LEP,,69.8,,,,,,,,,,72,,,72.6,72.7,72.8,73.4,73.8,74.1,74,74.3,74.7,74.8,75,75.6,75.9,76.3,76.5,76.9,77.1,77.1,77.5,77.8,78,78.3,78.6,78.9,79.1,79.5,79.9,80.2,80.3,80.1,80.9,80.9,81.4,81.5,81.6,81.7,82.1,82.3,82.3,82.8,83.2,82.6,
Japan,LEP,67.8,68.4,68.7,69.8,70.3,70.3,71,71.5,71.7,71.9,72,72.9,73.2,73.4,73.7,74.3,74.8,75.3,75.7,76.2,76.1,76.5,76.9,77,77.4,77.6,78.1,78.5,78.4,78.8,78.9,79.1,79.2,79.4,79.8,79.6,80.3,80.5,80.6,80.6,81.2,81.5,81.8,81.9,82.1,82,82.4,82.6,82.7,83,82.9,82.7,83.2,83.4,83.7,83.9,
Korea,LEP,,,,,,,,,,,62.3,62.7,63.1,63.5,63.9,64.3,64.6,65,65.3,65.6,66.2,66.7,67.2,67.7,68.3,68.9,69.5,70.1,70.7,71.2,71.7,72.2,72.6,73.1,73.5,73.8,74.2,74.7,75.1,75.5,76,76.5,76.8,77.3,77.8,78.2,78.8,79.2,79.6,80,80.2,80.6,80.9,81.4,81.8,82.1,
Latvia,LEP,,,,,,,,,,,,,,,,,,,,,,,,,,,,,,,,,,,,,,,,,,,70.1,70.5,70.8,70.6,70.6,70.8,72,72.6,73,73.7,73.9,74.1,74.3,74.6,
Luxembourg,LEP,69.4,,,,,,,,,,,69.7,70.9,70.8,70.8,70.8,70.8,72.2,72.1,72.8,72.8,72.6,72.7,73.5,73.3,73.8,74.7,74.3,75,74.8,75.6,75.7,75.3,75.9,76.6,76.8,76.8,77,77.3,77.9,78,77.9,78.1,77.8,79.2,79.5,79.4,79.5,80.6,80.7,80.7,81.1,81.5,81.9,82.3,82.4,
Mexico,LEP,57.5,58.2,58.8,59.3,59.9,60.3,60.7,61,61.3,61.6,60.9,62.4,63.1,63.7,64.2,64.7,65.2,65.7,66.1,66.6,67.2,67.7,68.2,68.6,69.1,69.5,69.9,70.2,70.6,70.8,70.5,70.9,71.3,71.7,72,72.3,72.5,72.8,73,73.2,73.3,73.5,73.6,73.8,73.9,74,74.1,74.2,74.1,74,74.1,74.2,74.4,74.6,74.8,75,75
Netherlands,LEP,73.5,73.8,73.4,73.4,73.8,73.6,73.6,73.9,73.7,73.6,73.7,73.9,73.8,74.2,74.6,74.6,74.7,75.3,75.3,75.7,75.9,76,76.1,76.3,76.4,76.5,76.4,76.9,77.1,76.9,77,77.2,77.4,77.1,77.5,77.6,77.6,78,78,77.9,78.2,78.3,78.4,78.7,79.2,79.5,79.9,80.3,80.5,80.8,81,81.3,81.2,81.4,81.8,81.6,
New Zealand,LEP,,71.1,71.2,71.2,71.2,71.2,71.3,71.4,71.4,71.5,71.5,71.6,71.7,71.8,72,72.1,72.3,72.5,72.7,72.9,73.2,73.4,73.6,73.7,73.8,74,74.1,74.5,74.8,75.2,75.5,75.8,76.1,76.3,76.6,76.8,77.1,77.4,77.7,78.1,78.4,78.7,79,79.3,79.6,79.8,80.1,80.3,80.5,80.7,80.8,81,81.2,81.4,81.5,81.7,
Norway,LEP,73.8,73.8,73.7,73.4,73.9,74,74.3,74.3,74.2,74,74.4,74.4,74.6,74.7,75.1,75.1,75.3,75.7,75.8,75.8,75.9,76.1,76.2,76.3,76.4,76.1,76.5,76.3,76.4,76.7,76.7,77.1,77.4,77.3,77.9,77.9,78.3,78.3,78.5,78.4,78.8,78.9,79,79.6,80.1,80.3,80.6,80.6,80.8,81,81.2,81.4,81.5,81.8,82.2,82.4,
Poland,LEP,67.8,67.9,67.5,68.5,68.7,69.5,69.9,69.5,70.3,69.8,70,69.7,70.8,70.7,71.2,70.6,70.7,70.5,70.5,70.9,70.2,71.2,71.2,71.1,70.9,71.1,71,71.5,71.5,71.2,70.8,70.5,71.1,71.6,71.8,72.1,72.4,72.8,73.2,73.2,73.8,74.2,74.6,74.7,74.9,75.1,75.3,75.4,75.7,75.8,76.5,76.8,76.9,77.1,77.7,77.6,
Portugal,LEP,63.9,62.7,64.1,64.7,64.9,65.8,65.2,66,66.4,65.9,66.7,66.4,68.4,67.5,68.1,68.4,69,70.1,70.5,71.3,71.4,71.7,72.5,72.4,72.7,73,73.4,73.8,73.8,74.4,74.1,74.1,74.7,74.6,75.5,75.4,75.3,75.8,76,76.3,76.9,77.2,77.4,77.5,78.4,78.2,79,79.2,79.5,79.7,80,80.6,80.5,80.8,81.2,81.2,
Slovak Republic,LEP,70.3,70.9,70.4,70.8,71.2,70.4,70.6,71.2,70.7,70.1,70,70,70.5,70.1,70.3,70.5,70.6,70.6,70.6,70.9,70.6,70.9,71,70.7,71,71,71.2,71.4,71.5,71.3,71.2,71.2,71.6,72.1,72.5,72.5,72.9,72.9,72.8,73.2,73.4,73.6,73.8,73.8,74.2,74.2,74.4,74.5,75,75.3,75.6,76.1,76.2,76.5,76.9,76.7,
Slovenia,LEP,,,,,,,,,,,68.7,,,,,,,,,,,,71.2,71,71.4,71.9,72.4,72.4,73,73.4,73.8,73.5,73.6,73.5,74,74.7,75.1,75.1,75.3,75.7,76.1,76.4,76.6,76.4,77.2,77.4,78.3,78.3,79.1,79.3,79.8,80.1,80.2,80.4,81.2,80.9,
Spain,LEP,69.8,,,,,,,,,,72,,,,,73.4,73.7,74.2,74.4,74.9,75.4,75.7,76.3,76,76.4,76.4,76.7,76.9,76.9,77,77,77.1,77.6,77.7,78.1,78.1,78.3,78.8,78.9,78.8,79.3,79.8,79.9,79.7,80.4,80.3,81.1,81.2,81.5,81.9,82.4,82.6,82.5,83.2,83.3,83,
Sweden,LEP,73.1,73.5,73.4,73.6,73.8,73.9,74.2,74.2,74.1,74.2,74.8,74.8,74.8,75,75.1,75.2,75.1,75.6,75.7,75.7,75.9,76.2,76.5,76.7,77,76.8,77.1,77.3,77.1,77.8,77.7,77.9,78.2,78.2,78.9,79,79.2,79.4,79.5,79.6,79.7,79.9,79.9,80.3,80.6,80.7,81,81.1,81.3,81.5,81.6,81.9,81.8,82,82.3,82.3,
Switzerland,LEP,71.4,71.8,71.3,71.3,72.2,72.3,72.5,72.8,72.7,72.7,73.1,73.3,73.8,74.1,74.4,74.8,74.9,75.4,75.4,75.7,75.7,75.9,76.2,76.2,76.9,77,77.1,77.5,77.5,77.7,77.5,77.8,78,78.4,78.6,78.7,79.1,79.3,79.6,79.8,79.9,80.4,80.6,80.6,81.2,81.4,81.7,82,82.2,82.3,82.6,82.8,82.8,82.9,83.3,83,
Turkey,LEP,48.3,49,49.7,50.3,51,51.6,52.2,52.9,53.4,53.8,54.2,54.6,55,55.4,55.7,56.1,56.5,56.9,57.3,57.7,58.1,58.5,58.9,59.7,60.9,62.1,63.2,64.4,65.2,65.7,67.5,67.8,68.2,68.5,68.9,69.3,69.7,70.1,70.3,70.7,71.1,71.5,71.9,72.3,72.7,73.1,73.4,73.7,73.9,74.1,74.3,74.6,74.6,78,78,78,
United Kingdom,LEP,70.8,70.7,,,,,,,,,71.9,71.9,,,,,,,,,73.2,73.8,74.1,74.3,74.5,74.7,74.8,75.2,75.3,75.4,75.7,75.9,76.3,76.2,76.8,76.7,76.9,77.2,77.3,77.5,77.9,78.2,78.3,78.4,79,79.2,79.5,79.7,79.8,80.4,80.6,81,81,81.1,81.4,81,
United States,LEP,69.9,70.4,70.2,70,70.3,70.3,70.3,70.7,70.4,70.6,70.9,71.2,71.3,71.5,72.1,72.7,73,73.4,73.5,73.9,73.7,74.1,74.5,74.6,74.7,74.7,74.7,74.9,74.9,75.1,75.3,75.5,75.7,75.5,75.7,75.7,76.1,76.5,76.7,76.7,76.7,76.9,77,77.1,77.6,77.6,77.8,78.1,78.1,78.5,78.6,78.7,78.8,78.8,78.9,78.8,
Brazil,LEP,54.3,54.8,55.3,55.8,56.3,56.8,57.3,57.8,58.3,58.8,59.2,59.6,60,60.3,60.6,60.9,61.1,61.4,61.6,61.8,62.1,62.4,62.7,63,63.3,63.7,64,64.3,64.7,65.1,65.4,65.8,66.3,66.7,67.2,67.7,68.2,68.7,69.2,69.7,70,70.5,70.8,71.2,71.5,71.8,72.1,72.4,72.7,73,73.3,73.6,73.8,74.1,74.4,74.7,
China,LEP,43.4,43.7,44.4,45.6,47.2,49.2,51.3,53.5,55.5,57.2,58.7,60,61,61.9,62.8,63.6,64.3,65,65.6,66.1,66.6,67,67.3,67.7,68,68.2,68.4,68.6,68.8,68.9,69.1,69.2,69.4,69.6,69.7,70,70.2,70.6,70.9,71.3,71.7,72.2,72.6,73,73.4,73.8,74.1,74.3,74.6,74.8,75,75.2,75.4,75.6,75.8,76,
Colombia,LEP,56.8,57.3,57.8,58.2,58.7,59.1,59.5,59.9,60.2,60.6,60.9,61.3,61.6,62,62.4,62.8,63.3,63.8,64.4,65,65.6,66.1,66.6,67,67.4,67.7,67.9,68,68.2,68.3,68.4,68.6,68.7,69,69.2,69.5,69.9,70.2,70.5,70.8,71,71.3,71.5,71.8,72,72.3,72.5,72.7,72.9,73.1,73.3,73.5,73.6,73.8,74,74.2,
Costa Rica,LEP,60.6,61.3,62,62.7,63.3,63.9,64.5,65,65.5,66,66.5,67,67.5,68.1,68.6,69.2,69.8,70.4,71,71.6,72.2,72.8,73.3,73.8,74.2,74.5,74.8,75.1,75.3,75.5,75.7,75.9,76.1,76.3,76.4,76.6,76.8,77,77.2,77.3,77.4,77.6,77.7,77.8,78,78.1,78.2,78.3,78.5,78.6,78.7,78.9,79.1,79.2,79.4,79.6,
India,LEP,41.2,41.8,42.4,43,43.7,44.3,45,45.7,46.4,47,47.7,48.4,49.1,49.8,50.4,51.1,51.7,52.3,52.9,53.4,53.9,54.3,54.8,55.1,55.5,55.9,56.2,56.6,57,57.5,58,58.5,59,59.5,60,60.5,60.9,61.4,61.8,62.3,62.6,63,63.4,63.8,64.1,64.5,64.9,65.3,65.7,66.1,66.5,66.9,67.3,67.7,68,68.3,
Indonesia,LEP,48.7,49.3,49.9,50.5,51.1,51.7,52.3,52.9,53.4,54,54.6,55.1,55.7,56.2,56.8,57.3,57.8,58.3,58.7,59.2,59.6,60.1,60.5,60.9,61.2,61.6,61.9,62.3,62.6,62.9,63.3,63.7,64,64.4,64.7,65,65.3,65.6,65.9,66.1,66.2,66.4,66.6,66.8,67,67.2,67.4,67.6,67.8,68,68.1,68.3,68.5,68.7,68.9,69.1,
Lithuania,LEP,,,,,,,,,,,70.9,71.9,71.2,71.5,71.4,71,71,70.9,70.6,70.5,70.4,70.4,70.8,70.7,70.2,70.5,72.1,72,71.9,71.6,71.4,70.6,70.4,69.1,68.7,69.2,70.3,71.1,71.4,71.7,72.1,71.7,71.8,72.1,72,71.3,71.1,70.9,71.8,72.9,73.3,73.7,74,74.1,74.7,74.5,
Russia,LEP,66.2,66.7,67.1,67.4,67.7,67.8,67.9,68,68,68,68.3,68.5,68.4,68.4,68.5,67.9,67.6,67.5,67.5,67.3,67.2,67.4,68,67.8,67.3,68,69.5,69.6,69.6,69.3,69,68.8,67.8,65.3,64.3,64.9,66,66.9,67.2,66.1,65.7,65.6,65.3,65.2,65.6,65.7,66.9,67.7,68.1,68.8,69,69.8,70.2,70.7,70.9,71.3,
South Africa,LEP,49.1,49.5,49.9,50.3,50.6,51,51.4,51.8,52.2,52.6,52.9,53.3,53.6,53.9,54.3,54.7,55.1,55.5,56,56.5,57.1,57.7,58.3,58.9,59.4,60,60.5,61.1,61.5,61.9,62.2,62.4,62.4,62.3,62,61.5,60.7,59.7,58.5,57.2,55.8,54.6,53.4,52.5,51.9,51.6,51.6,52,52.6,53.5,54.4,55.3,56.1,56.7,57.2,57.4,
Australia,GDP,2408.509071,2379.169582,2572.910414,2747.828019,2897.709644,2996.975488,3270.051273,3441.34523,3826.664208,4200.716812,4650.077117,4862.084581,5208.919749,5792.452765,6241.474421,6934.065613,7390.445655,7720.400272,8544.449053,9442.488298,10461.35003,11819.86526,11879.17816,12674.52208,13472.88736,14395.71349,14816.75295,15933.60216,16935.98351,17678.36398,17568.32446,17926.09009,18937.50055,19929.78137,21134.14664,22098.57288,22974.73917,24160.25514,25342.18977,26777.75563,27888.22951,29133.08851,30376.85316,31827.64206,33454.90467,35068.84566,37138.28415,38775.78024,39219.47467,40897.04122,42165.82842,43583.03701,43082.38768,47002.99005,46920.61776,46763.8809,48242.52107
Austria,GDP,,,,,,,,,,,3834.186274,4215.680804,4644.59478,5108.264528,5776.797781,6305.539334,6968.044666,7773.217807,8308.19608,9492.066592,10527.27686,11464.2473,12411.43452,13306.5421,13786.62268,14576.40324,15203.06239,15792.53531,16860.25598,18114.84612,19452.47202,20585.16008,21259.91971,21700.72547,22607.73559,23658.75995,24523.89462,25412.35969,26652.82895,27606.48424,29375.3968,29739.95111,31178.05144,32119.01676,33765.56574,35024.55748,37631.12782,39387.13901,41316.02264,40928.1816,42058.75458,44469.20964,46477.65508,47936.67796,48801.30707,49959.25877,50503.32841
Belgium,GDP,,,,,,,,,,,3901.650108,4238.238262,4636.853981,5173.07431,5856.498557,6296.575847,7006.213075,7479.010357,8224.903378,9105.90509,10335.0311,11269.51892,12042.30561,12559.36438,13324.40134,13975.02799,14513.91764,15210.5677,16430.05537,17597.04293,18767.63128,19672.79328,20345.86332,20549.81761,21600.14632,22529.74019,22885.31691,23917.06932,24543.94606,25643.32017,27984.68617,28981.38146,30482.15989,31054.69484,32249.93809,33331.11566,35390.70379,36865.20967,38133.4023,38003.72669,40089.47721,41450.36053,42585.15311,43745.95156,44742.99229,45577.24411,46607.39577
Canada,GDP,,,,,,,,,,,4555.027261,4919.449356,5349.466577,5960.092233,6641.866721,7282.233251,7975.719977,8661.422757,9540.598788,10615.65856,11671.82195,13046.66958,13253.76522,13996.04456,15207.15755,16287.17168,16807.08588,17706.99318,18892.11488,19725.65167,20180.35014,20156.742,20553.52879,21365.19678,22551.98711,23395.47392,23954.64976,25156.15005,26197.93292,27745.75131,29265.22148,30133.35228,30854.82303,32224.01572,33815.11907,36212.64356,38009.87218,39441.96499,40277.61824,38791.07104,40027.20436,41565.25893,42145.10409,44097.56557,45508.06953,44627.32347,44792.54562
Chile,GDP,,,,,,,,,,,,,,,,,,,,,,,,,,,,,,,12630.54609,11595.58373,11789.39976,12062.40789,12670.69973,13746.8924,14580.11568,14724.53327,14893.40916,15325.70992,16160.74341,17556.06789,18182.35455,19410.18342,20786.58737,21907.3056,23715.3193,26059.99782,27724.41877,27469.26687,27581.6026,28795.81603,29051.39042,30496.02004,32265.04516,33478.62252,34752.65849
Czech Republic,GDP,,,,,,,,,,,,,,,,,,,,,,,,,,,,,,,,,,,,,,,,,,,,,,,,,,,,,,,,,
Denmark,GDP,,,,,,,3478.762434,3688.285602,4005.792223,4487.227813,4253.558068,4580.661322,4937.897018,5387.346503,5778.928516,6203.726341,6914.200075,7456.903864,8132.574308,9121.39488,9884.394497,10739.4269,11835.17484,12631.72305,13632.85346,14626.60895,15632.11642,16049.74972,16599.65873,17349.56044,18228.34908,19045.70286,19795.78778,20198.63121,21657.53471,22674.09869,23710.72285,24914.27228,25798.51139,26657.8328,28666.21652,29483.94686,30639.9531,30787.41289,32929.7573,34152.878,37302.35892,38972.03137,41282.99749,40333.14435,43046.84249,44407.95138,44808.54321,46742.93884,47905.4773,48687.54221,49020.54389
Estonia,GDP,,,,,,,,,,,,,,,,,,,,,,,,,,,,,,,,,,,,,,,,,,,,,,,,,,,,,,,,,
Finland,GDP,,,,,,,,,,,,,,,,,,,,,,,,,,,,,,,,,,,,,,,,,,,,,,,,,,,,,,,,,
France,GDP,,,,,,,,,,,,,,,,,,,,,,,,,,,,,,,,,,,,,,,,,,,,,,,,,,,,,,,,,
Germany,GDP,,,,,,,,,,,,,,,,,,,,,,,,,,,,,,,,,,,,,,,,,,,,,,,,,,,,,,,,,
Greece,GDP,,,,,,,,,,,,,,,,,,,,,,,,,,,,,,,,,,,,,,,,,,,,,,,,,,,,,,,,,
Hungary,GDP,,,,,,,,,,,,,,,,,,,,,,,,,,,,,,,,,,,,,,,,,,,,,,,,,,,,,,,,,
Iceland,GDP,,,,,,,,,,,,,,,,,,,,,,,,,,,,,,,,,,,,,,,,,,,,,,,,,,,,,,,,,
Ireland,GDP,,,,,,,,,,,,,,,,,,,,,,,,,,,,,,,,,,,,,,,,,,,,,,,,,,,,,,,,,
Israel,GDP,,,,,,,,,,,,,,,,,,,,,,,,,,,,,,,,,,,,,,,,,,,,,,,,,,,,,,,,,
Italy,GDP,,,,,,,,,,,,,,,,,,,,,,,,,,,,,,,,,,,,,,,,,,,,,,,,,,,,,,,,,
Japan,GDP,,,,,,,,,,,,,,,,,,,,,,,,,,,,,,,,,,,,,,,,,,,,,,,,,,,,,,,,,
Korea,GDP,,,,,,,,,,,,,,,,,,,,,,,,,,,,,,,,,,,,,,,,,,,,,,,,,,,,,,,,,
Latvia,GDP,,,,,,,,,,,,,,,,,,,,,,,,,,,,,,,,,,,,,,,,,,,,,,,,,,,,,,,,,
Luxembourg,GDP,,,,,,,,,,,,,,,,,,,,,,,,,,,,,,,,,,,,,,,,,,,,,,,,,,,,,,,,,
Mexico,GDP,,,,,,,,,,,,,,,,,,,,,,,,,,,,,,,,,,,,,,,,,,,,,,,,,,,,,,,,,
Netherlands,GDP,,,,,,,,,,,,,,,,,,,,,,,,,,,,,,,,,,,,,,,,,,,,,,,,,,,,,,,,,
New Zealand,GDP,,,,,,,,,,,,,,,,,,,,,,,,,,,,,,,,,,,,,,,,,,,,,,,,,,,,,,,,,
Norway,GDP,,,,,,,,,,,,,,,,,,,,,,,,,,,,,,,,,,,,,,,,,,,,,,,,,,,,,,,,,
Poland,GDP,,,,,,,,,,,,,,,,,,,,,,,,,,,,,,,,,,,,,,,,,,,,,,,,,,,,,,,,,
Portugal,GDP,,,,,,,,,,,,,,,,,,,,,,,,,,,,,,,,,,,,,,,,,,,,,,,,,,,,,,,,,
Slovak Republic,GDP,,,,,,,,,,,,,,,,,,,,,,,,,,,,,,,,,,,,,,,,,,,,,,,,,,,,,,,,,
Slovenia,GDP,,,,,,,,,,,,,,,,,,,,,,,,,,,,,,,,,,,,,,,,,,,,,,,,,,,,,,,,,
Spain,GDP,,,,,,,,,,,,,,,,,,,,,,,,,,,,,,,,,,,,,,,,,,,,,,,,,,,,,,,,,
Sweden,GDP,,,,,,,,,,,,,,,,,,,,,,,,,,,,,,,,,,,,,,,,,,,,,,,,,,,,,,,,,
Switzerland,GDP,,,,,,,,,,,,,,,,,,,,,,,,,,,,,,,,,,,,,,,,,,,,,,,,,,,,,,,,,
Turkey,GDP,,,,,,,,,,,,,,,,,,,,,,,,,,,,,,,,,,,,,,,,,,,,,,,,,,,,,,,,,
United Kingdom,GDP,,,,,,,,,,,,,,,,,,,,,,,,,,,,,,,,,,,,,,,,,,,,,,,,,,,,,,,,,
United States,GDP,,,,,,,,,,,,,,,,,,,,,,,,,,,,,,,,,,,,,,,,,,,,,,,,,,,,,,,,,
Brazil,GDP,,,,,,,,,,,,,,,,,,,,,,,,,,,,,,,,,,,,,,,,,,,,,,,,,,,,,,,,,
China,GDP,,,,,,,,,,,,,,,,,,,,,,,,,,,,,,,,,,,,,,,,,,,,,,,,,,,,,,,,,
Colombia,GDP,,,,,,,,,,,,,,,,,,,,,,,,,,,,,,,,,,,,,,,,,,,,,,,,,,,,,,,,,
Costa Rica,GDP,,,,,,,,,,,,,,,,,,,,,,,,,,,,,,,,,,,,,,,,,,,,,,,,,,,,,,,,,
India,GDP,,,,,,,,,,,,,,,,,,,,,,,,,,,,,,,,,,,,,,,,,,,,,,,,,,,,,,,,,
Indonesia,GDP,,,,,,,,,,,,,,,,,,,,,,,,,,,,,,,,,,,,,,,,,,,,,,,,,,,,,,,,,
Lithuania,GDP,,,,,,,,,,,,,,,,,,,,,,,,,,,,,,,,,,,,,,,,,,,,,,,,,,,,,,,,,
Russia,GDP,,,,,,,,,,,,,,,,,,,,,,,,,,,,,,,,,,,,,,,,,,,,,,,,,,,,,,,,,
South Africa,GDP,,,,,,,,,,,,,,,,,,,,,,,,,,,,,,,,,,,,,,,,,,,,,,,,,,,,,,,,,
